SampleID2	SampleID	Ward_Batch	pH_Soil	pH_Buffer	Soluble_Salts	Lime	Texture	OM	Nitrate	lbs	Phosphorus	Potassium	Sulfate	Zinc	Iron	Manganese	Copper	Calcium	Magnesium	Sodium	CEC	H_Sat	K_Sat	Ca_Sat	Mg_Sat	Na_Sat	Set
JEP9	JEP009	A	5.3	6.4	0.15	NONE	2	3.7	1.8	3	9.3	161	11.3	2.12	126.7	44.5	1.51	625	146	63	11.2	55	4	28	11	2	Temporal
JEP10	JEP010	A	4.9	6.3	0.2	NONE	2	4.4	0.6	1	20.7	163	18.5	2.31	197.7	45.5	1.8	326	170	107	11.3	65	4	14	13	4	Temporal
JEP11	JEP011	A	5.1	6.3	0.14	NONE	2	3.4	1.2	2	13.8	146	16.2	1.71	144.6	36.2	1.41	388	184	106	11.7	63	3	17	13	4	Temporal
JEP12	JEP012	A	5.3	6.4	0.18	NONE	2	3	0.7	1	12.1	141	15.9	1.05	144.3	40.2	1.63	284	192	161	9.9	59	4	14	16	7	Temporal
JEP13	JEP013	A	5.3	6.3	0.14	NONE	2	5.2	1.2	2	18.4	259	15.4	3.92	168.8	52.3	1.9	812	260	47	14.2	50	5	29	15	1	Temporal
JEP14	JEP014	A	5.1	6.1	0.21	NONE	2	4.7	1.4	2	23.3	185	21.2	2.98	245.6	60.7	2.46	407	290	188	14.6	61	3	13	17	6	Temporal
JEP15	JEP015	A	5.1	6.3	0.17	NONE	2	3.1	1	2	15.3	142	12.6	1.91	154.6	43.9	2.21	568	219	93	11.9	54	3	24	15	3	Temporal
JEP16	JEP016	A	5.1	6.2	0.15	NONE	2	5	1	2	16.9	147	14	2	232.3	42.9	1.85	320	262	143	13	63	3	12	17	5	Temporal
JEP17	JEP017	A	5.2	6.3	0.16	NONE	2	3.5	7.9	14	15.7	132	10.1	1.98	142.5	19	1.53	513	142	55	11.4	62	3	22	10	2	Temporal
JEP18	JEP018	A	4.9	6.2	0.13	NONE	2	4.5	10.9	20	18.7	148	14.4	2.26	211.4	29.3	1.45	292	154	86	11.6	70	3	13	11	3	Temporal
JEP19	JEP019	A	5.2	6.3	0.1	NONE	2	3.4	2.6	5	15.8	139	10.7	1.48	195.4	23.6	1.39	351	165	70	10.8	65	3	16	13	3	Temporal
JEP20	JEP020	A	5.3	6.5	0.19	NONE	2	3.7	6.9	12	12.1	142	14.5	1.29	129.2	21.5	1.24	293	206	144	9.5	56	4	15	18	7	Temporal
JEP21	JEP021	A	5.4	6.3	0.21	NONE	2	5.4	6.2	11	13.2	174	10.6	2.66	131.9	16.4	1.21	637	204	55	12.4	55	4	25	14	2	Temporal
JEP22	JEP022	A	5.1	6.2	0.18	NONE	2	4.2	10.3	18	19.2	162	12.9	2.25	206.1	37.6	2.07	390	265	149	12.8	59	3	15	17	5	Temporal
JEP23	JEP023	A	5.3	6.5	0.13	NONE	2	3.4	3	5	10.9	147	11.1	1.66	134.8	18.3	1.38	498	178	68	9.8	53	4	25	15	3	Temporal
JEP24	JEP024	A	5.3	6.4	0.1	NONE	2	3.1	4.2	8	11.2	144	9.7	1.22	166.2	15.7	1.57	294	285	126	10.6	55	3	14	22	5	Temporal
JEP25	JEP025	A	5.2	6.4	0.12	NONE	2	3.3	5.6	10	9.5	118	11.5	1.78	108.7	17.2	1.45	501	131	60	10.1	59	3	24	11	3	Temporal
JEP26	JEP026	A	4.9	6.2	0.22	NONE	2	3.6	5.5	10	20.7	147	16.9	1.83	208.8	31.7	1.71	283	163	128	11.3	67	3	13	12	5	Temporal
JEP27	JEP027	A	5	6.3	0.15	NONE	2	3.3	5.1	9	15.3	96	14.9	1.29	159.9	31	1.37	326	169	81	10.5	65	2	15	13	3	Temporal
JEP28	JEP028	A	5.3	6.5	0.15	NONE	2	3.1	7.6	14	11	160	16.1	1.59	166.3	30.4	1.77	315	228	200	10.2	53	4	15	19	9	Temporal
JEP29	JEP029	A	5.2	6.3	0.16	NONE	2	4.4	4.5	8	11.5	172	12	2.46	163.1	20.1	1.45	678	241	55	13.2	54	3	26	15	2	Temporal
JEP30	JEP030	A	5.1	6.1	0.18	NONE	2	4.4	11.9	21	22	177	15.3	2.46	212	34.3	1.87	385	278	171	14.2	62	3	14	16	5	Temporal
JEP31	JEP031	A	5.2	6.3	0.14	NONE	2	2.9	1.6	3	8.5	101	9.8	1.37	108.9	21.1	1.56	580	198	72	11.7	56	2	25	14	3	Temporal
JEP32	JEP032	A	5.1	6.3	0.14	NONE	2	2.9	9.9	18	12.6	125	12.1	1.38	165.8	25.8	1.77	323	328	164	12.6	57	3	12	22	6	Temporal
JEP33	JEP033	A	5.2	6.4	0.14	NONE	2	3.1	3.1	6	9.6	168	11.5	1.69	114.1	29.9	1.37	573	147	89	10.6	54	4	26	12	4	Temporal
JEP34	JEP034	A	5	6.3	0.13	NONE	2	3.6	3.1	5	19	134	17	1.75	196.3	44.3	1.76	312	173	105	10.5	64	3	15	14	4	Temporal
JEP35	JEP035	A	5	6.3	0.14	NONE	2	3.4	2.9	5	14.7	118	14.8	1.76	191.3	35.5	1.42	377	184	93	11.5	64	3	16	13	4	Temporal
JEP36	JEP036	A	5.3	6.5	0.16	NONE	2	2.7	5.9	11	8	251	16.9	1.01	132.2	24.1	1.27	297	214	178	9.4	50	7	16	19	8	Temporal
JEP37	JEP037	A	5.2	6.3	0.13	NONE	2	3.9	4.7	8	10.5	127	9.4	2.53	143.7	16.7	1.48	733	226	42	13.2	54	2	28	14	1	Temporal
JEP38	JEP038	A	5.2	6.3	0.19	NONE	2	3.7	6.8	12	19.1	187	15.9	2.1	215	38.3	2.14	486	347	205	14.2	53	3	17	20	6	Temporal
JEP39	JEP039	A	5.2	6.3	0.16	NONE	2	3.4	2.1	4	9.2	125	10.2	1.63	129.9	21.5	1.38	592	201	84	11.9	55	3	25	14	3	Temporal
JEP40	JEP040	A	5.2	6.3	0.12	NONE	2	3.5	5.2	9	11.2	100	11.8	1.32	210.3	27.4	1.63	289	271	161	11.2	58	2	13	20	6	Temporal
JEP41	JEP041	A	5.1	6.4	0.15	NONE	2	3.2	18.2	33	13.1	114	11.8	1.33	119.2	14.9	1.2	383	116	63	9.1	62	3	21	11	3	Temporal
JEP42	JEP042	A	4.8	6.3	0.15	NONE	2	3.1	13.7	25	17.5	130	15.8	1.36	165.8	16.4	1.46	277	167	99	10	65	3	14	14	4	Temporal
JEP43	JEP043	A	5.2	6.3	0.16	NONE	2	5.2	15.9	29	21.7	135	10.6	1.93	163.8	14.8	1.09	377	158	65	11.1	66	3	16	12	3	Temporal
JEP44	JEP044	A	5.1	6.5	0.15	NONE	2	2.9	9.3	17	10.2	119	12.7	0.89	132.7	12.7	1.22	241	166	132	8.9	61	3	14	16	6	Temporal
JEP45	JEP045	A	5.3	6.3	0.18	NONE	2	5.3	8.6	15	15.6	169	9.7	2.59	156.2	17	1.34	609	219	71	12.3	54	4	25	15	2	Temporal
JEP46	JEP046	A	4.9	6.3	0.18	NONE	2	4.1	17	31	18.5	160	13	1.86	205	20.6	1.82	365	216	123	11.5	60	4	15	16	5	Temporal
JEP47	JEP047	A	5.4	6.4	0.15	NONE	2	4.5	6.4	11	12.4	140	9.4	1.75	133.1	14.9	1.32	476	156	61	10.3	58	3	23	13	3	Temporal
JEP48	JEP048	A	5.1	6.3	0.15	NONE	2	3.2	10.8	19	9.8	85	10.7	0.95	154.6	13.7	1.47	281	301	172	11.7	58	2	12	21	6	Temporal
JEP57	JEP057	A	5	6.3	0.15	NONE	2	3.2	8.1	15	14.8	136	9.7	1.64	157.7	17.7	1.45	485	145	74	11.1	61	3	22	11	3	Temporal
JEP58	JEP058	A	4.8	6.3	0.18	NONE	2	3.9	15.5	28	13.5	99	13.3	1.74	188.6	24.7	1.62	276	151	95	9.9	67	3	13	13	4	Temporal
JEP59	JEP059	A	5.4	6.4	0.11	NONE	2	3.8	5.1	9	16.5	197	10.3	1.79	183.3	17.2	1.19	371	167	74	9.6	57	5	19	15	3	Temporal
JEP60	JEP060	A	5.1	6.5	0.15	NONE	2	2.8	11.9	21	7.8	80	14	0.84	130.7	17.7	1.45	225	180	156	8.2	57	2	14	18	8	Temporal
JEP61	JEP061	A	5.3	6.3	0.23	NONE	2	7.1	24	43	20.4	280	10.8	3.15	134.1	17.4	0.93	636	209	40	12.5	54	6	25	14	1	Temporal
JEP62	JEP062	A	4.9	6.1	0.22	NONE	2	4.7	15.3	27	20.6	149	13.8	2.14	221.4	24.5	1.88	378	211	109	14	68	3	13	13	3	Temporal
JEP63	JEP063	A	5.4	6.4	0.18	NONE	2	4.1	7.8	14	12.2	137	12.3	2.05	110.3	19.9	1.24	599	186	87	11.1	52	3	27	14	3	Temporal
JEP64	JEP064	A	5.1	6.3	0.17	NONE	2	3.4	13	23	13.5	110	9.9	1.22	173.3	15	1.64	278	243	118	11.3	63	2	12	18	5	Temporal
JEP73	JEP073	A	5.4	6.3	0.17	NONE	2	3.9	4	7	9.6	117	10.5	1.8	131.9	17.7	1.15	518	135	77	10.9	60	3	24	10	3	Temporal
JEP74	JEP074	A	4.8	6	0.18	NONE	2	5.1	14.9	27	21.4	134	15.6	1.75	234	16.8	1.37	263	135	91	12.8	75	3	10	9	3	Temporal
JEP75	JEP075	A	5.2	6.3	0.09	NONE	2	3.3	1.4	3	11.4	101	9.6	1.35	132.9	12.9	1.21	334	144	51	10.9	69	2	15	11	2	Temporal
JEP76	JEP076	A	5.3	6.4	0.12	NONE	2	3.7	11.3	20	10.4	105	13.3	1.21	161	13.4	1.27	238	160	138	9.4	64	3	13	14	6	Temporal
JEP77	JEP077	A	5.2	6.2	0.12	NONE	2	5.3	7.1	13	14	189	9.2	2.92	124.7	12.1	1.1	720	219	45	13.9	56	3	26	13	1	Temporal
JEP78	JEP078	A	5.3	6.3	0.23	NONE	2	3.3	8.2	15	18	155	19.4	1.43	146.5	17	1.57	270	332	224	12.6	56	3	11	22	8	Temporal
JEP79	JEP079	A	5.2	6.2	0.07	NONE	2	4	2.3	4	10.1	132	9.9	1.59	191.6	19.4	1.16	522	175	65	13.1	64	3	20	11	2	Temporal
JEP80	JEP080	A	4.8	6	0.14	NONE	2	5.1	12.5	22	17.1	133	13.9	1.88	240.6	19.6	1.61	314	221	96	14.5	71	2	11	13	3	Temporal
JEP89	JEP089	A	5.1	6.2	0.11	NONE	2	3.5	6.8	12	8.8	122	9.8	1.5	121.5	14.6	1.26	462	125	52	11.6	66	3	20	9	2	Temporal
JEP90	JEP090	A	4.9	6.3	0.2	NONE	2	3.9	17.2	31	12.7	122	13.5	1.23	152.2	10.6	1.28	256	142	111	10.5	69	3	12	11	5	Temporal
JEP91	JEP091	A	5	6.1	0.06	NONE	2	3.7	3.7	7	13.2	81	8.5	1.18	147.6	10.6	1.16	307	143	65	11.8	73	2	13	10	2	Temporal
JEP92	JEP092	A	5.3	6.5	0.24	NONE	2	3.1	16.1	29	8.8	229	13.4	0.88	113.2	10.7	1.11	260	207	214	9.5	52	6	14	18	10	Temporal
JEP93	JEP093	A	5.3	6.2	0.14	NONE	2	5.5	14.2	25	11.2	235	8	2.4	124	11.1	0.95	687	211	45	13.6	56	4	25	13	1	Temporal
JEP94	JEP094	A	5.3	6.5	0.27	NONE	2	3.2	8	14	14.7	125	20.9	1.02	134.8	14.2	1.6	263	393	265	11.2	46	3	12	29	10	Temporal
JEP95	JEP095	A	5.2	6.2	0.11	NONE	2	3.3	3.9	7	8.1	121	9.1	1.23	109.9	10.9	1.22	502	166	69	12.7	65	2	20	11	2	Temporal
JEP96	JEP096	A	5.2	6.4	0.24	NONE	2	3.7	15.4	28	9.3	226	15.4	1.41	188.9	20.4	1.27	281	248	159	11.1	57	5	13	19	6	Temporal
JEP105	JEP105	A	5.2	6.3	0.09	NONE	2	3.7	1.5	3	9.9	146	8.4	2.15	143.3	16.1	1.39	473	129	51	11.4	65	3	21	9	2	Temporal
JEP106	JEP106	A	4.9	6.2	0.12	NONE	2	3.4	1.7	3	16	129	12.8	1.6	191	17.4	1.49	235	145	103	11.5	72	3	10	11	4	Temporal
JEP107	JEP107	A	5	6.1	0.14	NONE	2	3.3	1.1	2	9.2	79	10.6	1.42	257	23.8	1.31	344	168	90	12.7	71	2	13	11	3	Temporal
JEP108	JEP108	A	5.1	6.2	0.17	NONE	2	4.7	1.9	3	10.8	108	13.6	1.86	197.5	18.5	1.24	264	161	140	11.4	69	2	12	12	5	Temporal
JEP109	JEP109	A	5.3	6.3	0.11	NONE	2	4.4	1.7	3	7.6	171	8.2	2.27	125.4	10.6	1.26	744	233	50	13.4	53	3	28	14	2	Temporal
JEP110	JEP110	A	5.2	6.2	0.31	NONE	2	5	5	9	33.5	148	28.6	1.56	257.1	16.3	1.53	246	337	234	13.5	60	3	8	21	8	Temporal
JEP111	JEP111	A	5.2	6.2	0.09	HIGH	2	3.3	1.1	2	9.6	126	7	1.69	152.6	15	1.4	527	189	71	12.5	61	3	21	13	2	Temporal
JEP112	JEP112	A	4.8	6	0.21	NONE	2	3.8	2	4	17.6	90	12.3	1.82	242.7	27.7	1.89	305	218	130	13.9	70	2	11	13	4	Temporal
JEP121	JEP121	B	5.6	6.3	0.09	NONE	2	4	0.6	1	13.9	169	8.8	3.11	234.1	21.5	1.58	659	169	51	12.1	56	4	26	12	2	Temporal
JEP122	JEP122	B	5.3	6.1	0.11	NONE	2	5.3	0.3	0	14.3	192	14.7	2.38	201.5	18.1	1.39	281	155	85	13.1	73	4	10	10	3	Temporal
JEP123	JEP123	B	5.2	6.1	0.08	NONE	2	3.6	0.4	1	12.3	169	13.4	2.21	193.6	17.8	1.42	384	175	59	13.1	69	3	15	11	2	Temporal
JEP124	JEP124	B	5.2	5.8	0.24	NONE	2	4.2	0.3	1	13.9	166	18.7	1.91	166.8	16.2	1.5	292	239	249	16.8	70	3	9	12	6	Temporal
JEP125	JEP125	B	5.3	6.2	0.1	NONE	2	4.6	2.1	4	11.3	235	5.6	3.05	144.7	15.6	1.64	810	263	46	15	53	4	27	15	1	Temporal
JEP126	JEP126	B	5.8	6.3	0.22	NONE	2	3.8	0.2	0	19.2	171	25	1.95	145.3	39	2.32	334	602	382	15.4	43	3	10	33	11	Temporal
JEP127	JEP127	B	5.4	6.3	0.08	NONE	2	4.4	1.1	2	7.6	181	4.7	2.49	131.9	16.6	1.51	719	227	60	13.3	53	3	27	14	2	Temporal
JEP128	JEP128	B	5.4	6	0.16	NONE	2	3.4	0.2	0	9.2	123	9.2	1.58	167	21.5	1.71	319	324	200	15.8	65	2	10	17	5	Temporal
JEP137	JEP137	B	5.2	6.3	0.08	NONE	2	3.3	0.5	1	7.8	150	9.5	2.11	122.5	21.6	1.61	575	155	59	12.2	61	3	23	11	2	Temporal
JEP138	JEP138	B	4.9	6	0.27	NONE	2	3.8	0.4	1	16.7	113	10.2	2.3	211.6	32.9	1.8	301	199	199	14.7	71	2	10	11	6	Temporal
JEP139	JEP139	B	5.1	6.1	0.06	NONE	2	3.4	0.4	1	7.7	79	11.5	1.54	140	17.9	1.34	366	174	64	12.8	71	2	14	11	2	Temporal
JEP140	JEP140	B	5.5	6.1	0.11	NONE	2	3.3	0.3	1	9.4	153	9.5	1.4	112.9	30.4	1.47	286	226	188	13.2	66	3	11	14	6	Temporal
JEP141	JEP141	B	5.3	6.2	0.08	NONE	2	4.6	0.8	1	14.4	247	8.3	3.65	154.6	19.8	1.71	808	277	49	15	52	4	27	15	1	Temporal
JEP142	JEP142	B	5.4	6.2	0.2	NONE	2	3.8	0.2	0	21.3	156	10.6	2.1	189.7	30.6	2.03	307	408	300	15	56	3	9	23	9	Temporal
JEP143	JEP143	B	5.2	6.2	0.06	NONE	2	4.5	0.7	1	7.8	135	13.6	2.35	134.4	23.9	1.66	618	216	59	13.4	59	3	23	13	2	Temporal
JEP144	JEP144	B	5.4	6	0.14	NONE	2	3.8	0.4	1	6.6	132	17.8	1.43	120.5	19.7	1.6	328	337	202	15.4	63	2	11	18	6	Temporal
JEP153	JEP153	B	5.1	6.3	0.11	NONE	2	3.8	0.4	1	9.6	146	11	2.28	111.7	26.3	1.61	590	161	64	11.6	58	3	25	12	2	Temporal
JEP154	JEP154	B	5.2	6.2	0.13	NONE	2	4	0.6	1	18.3	144	8.9	1.91	160.8	22.8	1.63	310	182	115	11.7	66	3	13	13	4	Temporal
JEP155	JEP155	B	5.1	6.2	0.11	NONE	2	3.4	0.5	1	9.7	170	9.8	2.21	150.8	23.5	1.54	326	157	65	12.2	70	4	13	11	2	Temporal
JEP156	JEP156	B	5.4	6	0.22	NONE	2	3.2	0.8	1	11	131	13.1	1.28	132.3	21.6	1.56	258	236	261	14.4	67	2	9	14	8	Temporal
JEP157	JEP157	B	5.3	6.3	0.08	NONE	2	4.9	0.4	1	10.1	190	1.4	3.76	134.3	19.9	1.55	825	258	41	14.4	52	3	29	15	1	Temporal
JEP158	JEP158	B	5.6	6.4	0.19	NONE	2	3.6	0.2	0	21.2	208	26.5	2.01	142.9	21.9	1.87	352	487	318	14	45	4	12	29	10	Temporal
JEP159	JEP159	B	5.2	6.2	0.07	NONE	2	3.5	0.2	0	12.2	131	10.3	2.18	139.9	21.5	1.94	548	231	77	12.9	59	3	20	15	3	Temporal
JEP160	JEP160	B	5.4	6	0.15	NONE	2	3.2	0.4	1	6.2	116	9.2	1.38	134.3	21.3	1.9	275	325	210	15.1	65	2	9	18	6	Temporal
JEP161	JEP161	B	5.2	6.3	0.09	NONE	2	3.9	0.1	0	14.1	151	6.8	2.51	115.8	28.1	1.68	514	144	73	11.8	62	3	22	10	3	Temporal
JEP162	JEP162	B	5.1	6.2	0.17	NONE	2	4	0.2	0	18.5	134	10.9	2.28	163.6	28.8	1.93	316	201	143	12.6	67	3	12	13	5	Temporal
JEP163	JEP163	B	5.1	6.2	0.1	NONE	2	3.9	0.4	1	12.6	136	14.3	2	145.5	25.6	1.64	368	171	67	12.2	68	3	15	12	2	Temporal
JEP164	JEP164	B	5.4	6.1	0.22	NONE	2	3.6	0.2	0	9.1	119	12.1	1.52	139.8	24.5	1.61	263	232	247	13.7	66	2	10	14	8	Temporal
JEP165	JEP165	B	5.4	6.1	0.14	NONE	2	4.8	0.5	1	11	320	10.2	3.73	130.4	22.5	1.75	785	257	46	16.1	56	5	24	13	1	Temporal
JEP166	JEP166	B	5.4	6.1	0.27	NONE	2	4.1	0.2	0	21.9	158	18.5	2.09	186.9	22	1.95	310	353	204	15.3	62	3	10	19	6	Temporal
JEP167	JEP167	B	5.1	6.1	0.21	NONE	2	3.9	0.1	0	9.8	135	5.6	2.32	142	31.7	2.04	610	246	90	14.8	61	2	20	14	3	Temporal
JEP168	JEP168	B	5.2	6	0.28	NONE	2	4	0.1	0	8.1	101	13.4	1.9	165.6	29.7	1.94	278	311	211	15.4	66	2	9	17	6	Temporal
JEP169	JEP169	B	5.2	6.3	0.12	NONE	2	3.6	0.3	1	9.7	132	7.8	2.73	145.3	30.3	1.75	513	139	70	11.5	62	3	22	10	3	Temporal
JEP170	JEP170	B	4.9	6	0.23	NONE	2	3.9	0.4	1	17.5	109	15.2	2.08	198.5	25.3	1.8	264	169	135	13.4	73	2	10	11	4	Temporal
JEP171	JEP171	B	5	5.9	0.09	NONE	2	3.6	0.2	0	12.4	86	9.9	1.67	130.3	23.9	1.67	374	169	54	14.6	74	2	12	10	2	Temporal
JEP172	JEP172	B	5.3	6.3	0.39	NONE	2	3.9	0.2	0	10.2	171	23.7	1.71	102.5	35.7	1.59	302	262	284	12.9	58	3	12	17	10	Temporal
JEP173	JEP173	B	5.1	6.2	0.15	NONE	2	4.8	0.2	0	10.2	204	13.6	3.25	140.3	28.3	1.78	817	261	47	14.6	52	4	28	15	1	Temporal
JEP174	JEP174	B	5.5	6.3	0.33	NONE	2	4.3	0.2	0	21.5	187	23.9	2.46	167.8	31.1	2.25	337	509	301	15	49	3	11	28	9	Temporal
JEP175	JEP175	B	5	6.1	0.11	NONE	2	3.9	0.2	0	6.1	129	11.5	2.12	162.4	33.9	1.92	562	206	72	14.7	65	2	19	12	2	Temporal
JEP176	JEP176	B	5.2	5.8	0.17	NONE	2	4.2	0.1	0	13.5	119	16.3	2.1	191	30.5	2.28	342	314	160	17.4	69	2	10	15	4	Temporal
JEP177	JEP177	C	5.1	6.2	0.21	NONE	2	4.4	0.4	1	12.9	158	9.7	2.74	129.4	39.7	1.81	615	158	82	13.4	61	3	23	10	3	Temporal
JEP178	JEP178	C	5	6.1	0.26	NONE	2	4.2	0.1	0	20	162	15.4	2.28	213.2	31.5	1.95	325	181	142	13.4	69	3	12	11	5	Temporal
JEP179	JEP179	C	5	6.1	0.12	NONE	2	3.2	< 0.1	0	9.5	90	9.9	1.38	153.1	24.8	1.8	383	171	80	12.7	69	2	15	11	3	Temporal
JEP180	JEP180	C	5.4	6.3	0.36	NONE	2	3.1	0.2	0	9.4	175	15.5	1.24	126.2	25	1.79	315	312	282	13.1	56	3	12	20	9	Temporal
JEP181	JEP181	C	5.3	6.2	0.16	NONE	2	4.9	0.4	1	12	188	7	2.92	148.2	31.6	1.85	875	260	45	15.1	52	3	29	14	1	Temporal
JEP182	JEP182	C	5.7	6.4	0.72	NONE	2	4	0.1	0	20	345	34.3	1.88	143.7	38.4	2.58	410	601	405	15.4	37	6	13	33	11	Temporal
JEP183	JEP183	C	5	6.2	0.19	NONE	2	4	0.1	0	10.9	125	11.2	1.93	186.8	36.8	1.92	564	210	84	13.7	62	2	20	13	3	Temporal
JEP184	JEP184	C	5.3	6.1	0.32	NONE	2	3.8	< 0.1	0	15	139	15.9	1.7	171.8	36.3	2.18	389	377	196	15.8	60	2	12	20	5	Temporal
JEP185	JEP185	C	5.2	6.3	0.17	NONE	2	4.2	0.3	1	11.7	244	12.1	2.43	131.2	34.9	1.75	578	159	68	12.3	58	5	23	11	2	Temporal
JEP186	JEP186	C	5.1	6.2	0.26	NONE	2	3.4	0.4	1	16.5	170	13.9	1.63	161.7	26.8	1.91	334	211	140	13	66	3	12	14	5	Temporal
JEP187	JEP187	C	5.1	6.2	0.13	NONE	2	3.7	1.3	2	11.1	143	11.3	1.39	155.3	26.8	1.65	420	180	59	12.4	66	3	17	12	2	Temporal
JEP188	JEP188	C	5.2	6.4	0.59	NONE	2	3.3	0.3	1	8.6	264	33	1.26	119.9	28.4	1.75	316	248	273	11.6	53	6	13	18	10	Temporal
JEP189	JEP189	C	5.4	6.3	0.15	NONE	2	4.9	0.5	1	12.3	237	9.2	3.53	130.9	31.1	1.7	936	268	43	15.1	49	4	31	15	1	Temporal
JEP190	JEP190	C	5.5	6.3	0.41	NONE	2	4.1	0.2	0	23.5	193	32.5	1.84	206.4	28.3	2.4	353	466	303	14.4	48	3	12	27	9	Temporal
JEP191	JEP191	C	5.3	6.3	0.16	NONE	2	3.7	< 0.1	0	13.4	161	7.8	1.66	187.7	36.7	2.03	581	201	78	12.6	58	3	23	13	3	Temporal
JEP192	JEP192	C	5.1	6.1	0.48	NONE	2	4.5	0.1	0	11.8	137	11.8	1.72	174.3	35.3	1.85	340	292	182	13.9	62	3	11	18	6	Temporal
JEP193	JEP193	C	5.1	6.2	0.16	NONE	2	3.9	0.2	0	11.4	154	8.7	2.43	123.4	38.7	1.85	569	150	61	12.5	62	3	23	10	2	Temporal
JEP194	JEP194	C	5.3	6.2	0.1	NONE	2	3	0.2	0	14.5	187	11.4	1.48	123.8	30.7	2	357	198	109	12.3	64	4	15	13	4	Temporal
JEP195	JEP195	C	5	6.2	0.1	NONE	2	3.3	0.5	1	10.3	92	14.6	1.24	131.9	28.1	1.82	356	177	103	12.4	68	2	14	12	4	Temporal
JEP196	JEP196	C	5.2	6.3	0.4	NONE	2	3.5	0.2	0	10.7	179	30.8	1.6	117.4	30.4	1.8	327	271	310	12.3	54	4	13	18	11	Temporal
JEP197	JEP197	C	5.2	6.2	0.15	NONE	2	5.3	0.3	1	12.7	186	16	3.49	136.3	31.8	1.78	872	271	56	15	51	3	29	15	2	Temporal
JEP198	JEP198	C	5.5	6.3	0.32	NONE	2	3.5	0.9	2	16.1	208	29	1.57	137.3	27.3	2.03	342	417	306	13.6	48	4	12	26	10	Temporal
JEP199	JEP199	C	5.2	6.3	0.14	NONE	2	3.9	0.1	0	12.5	132	8.8	1.74	155.4	41.3	2.02	614	212	82	12.9	57	3	23	14	3	Temporal
JEP200	JEP200	C	5.2	6.1	0.19	NONE	2	4.2	0.6	1	15.5	150	12.6	1.99	204.7	34	2.31	359	322	183	14.5	61	3	12	19	5	Temporal
JEP201	JEP201	C	5	6.3	0.22	NONE	2	3.8	19.4	35	10.5	150	9.4	2.47	124.2	16.9	1.6	552	148	70	12.2	62	3	22	10	3	Temporal
JEP202	JEP202	C	5.3	6.2	0.15	NONE	2	3.1	1.7	3	12.7	167	11.4	2.26	194.7	37.6	1.95	378	219	162	12.7	62	3	15	14	6	Temporal
JEP203	JEP203	C	4.8	6.1	0.15	NONE	2	3.4	15.7	28	12.7	107	15.4	1.53	143.3	15.3	1.59	382	174	83	12.6	68	2	15	12	3	Temporal
JEP204	JEP204	C	6.1	6.5	0.08	NONE	2	3.3	4	7	13.4	169	8.3	0.84	303.3	116.7	1.89	286	198	169	9.5	56	5	14	17	8	Temporal
JEP205	JEP205	C	5.1	6.2	0.2	NONE	2	4.8	18.9	34	15.4	197	11.6	2.96	167.7	19.5	1.75	819	269	58	15.3	54	3	26	15	2	Temporal
JEP206	JEP206	C	5.8	6.2	0.24	NONE	2	5	8.8	16	42.2	208	20.6	1.97	326.9	86	2.37	391	514	344	16.1	49	3	12	27	9	Temporal
JEP207	JEP207	C	5.2	6.2	0.13	NONE	2	3.6	7	13	11.7	111	10	1.77	151.7	17.4	1.83	597	219	93	13.4	59	2	22	14	3	Temporal
JEP208	JEP208	C	5.7	6.3	0.14	NONE	2	3.4	2.6	5	19.5	109	8.5	1.46	323.4	95	2.39	328	354	199	12.7	55	2	13	23	7	Temporal
JEP209	JEP209	C	4.9	6.2	0.25	NONE	2	3.5	10.8	19	9.7	115	12.3	1.92	113.3	20.6	1.6	510	131	90	12.1	64	2	21	9	3	Temporal
JEP210	JEP210	C	5.3	6.2	0.11	NONE	2	3.3	9.5	17	13.4	159	10.9	1.55	173.6	16.7	1.91	368	209	119	12.7	65	3	14	14	4	Temporal
JEP211	JEP211	C	4.8	5.9	0.12	NONE	2	3.3	13.6	24	9.4	150	9.6	1.46	147.6	13.1	1.48	379	167	74	14.6	73	3	12	10	2	Temporal
JEP212	JEP212	C	5.5	6.3	0.17	NONE	2	3.3	9.7	17	10.4	149	11.6	1.42	146.9	17	1.75	314	245	190	12.1	60	3	13	17	7	Temporal
JEP213	JEP213	C	4.8	5.9	0.19	NONE	2	4.4	15.1	27	12.5	199	7.8	2.68	183.7	15.2	1.8	863	266	41	18.2	60	3	24	12	1	Temporal
JEP214	JEP214	C	5.4	6.1	0.21	NONE	2	4.5	8.6	15	26.3	160	10.8	2.74	272	19.5	1.91	362	375	228	15	58	3	11	21	7	Temporal
JEP215	JEP215	C	4.7	5.8	0.2	NONE	2	3.1	8.2	15	6.8	91	10.2	1.46	143.1	12.6	1.85	592	228	91	17.6	69	1	17	11	2	Temporal
JEP216	JEP216	C	5.2	6	0.19	NONE	2	4.4	20.1	36	14.6	147	9.4	2.31	209.3	20	1.99	371	311	137	15.1	64	2	12	17	4	Temporal
JEP217	JEP217	C	4.9	5.9	0.14	NONE	2	3.6	5.5	10	9.1	111	11.2	1.99	118.3	18.9	1.73	636	170	77	16.3	68	2	19	9	2	Temporal
JEP218	JEP218	C	5.5	6.3	0.12	NONE	2	3.1	2.6	5	13.5	124	8.6	3.56	156.5	20.3	1.44	350	209	120	11.6	63	3	15	15	4	Temporal
JEP219	JEP219	C	5.2	5.9	0.1	NONE	2	4.4	1.2	2	9.9	120	8.4	1.61	164.8	39	1.29	476	189	56	15	70	2	15	11	2	Temporal
JEP220	JEP220	C	5.8	6.4	0.14	NONE	2	3.5	1	2	12.9	111	6.7	1.31	297.3	61.1	1.75	280	165	128	9.8	63	3	14	14	6	Temporal
JEP221	JEP221	C	5.1	5.9	0.17	NONE	2	6.1	10.1	18	11.4	160	8	1.7	287.8	57.8	1.89	827	248	36	17.8	62	2	23	12	1	Temporal
JEP222	JEP222	C	6.1	6.4	0.12	NONE	2	3.2	4.7	8	16.7	234	8.6	1.97	181.1	138.3	2.12	420	490	193	13.5	44	4	16	30	6	Temporal
JEP223	JEP223	C	5.2	6	0.09	NONE	2	3.6	3.7	7	9.7	119	7.1	1.89	129.1	23.2	1.76	672	225	69	15.5	62	2	22	12	2	Temporal
JEP224	JEP224	C	5.6	6.1	0.09	NONE	2	4.1	1.8	3	14	105	7	1.92	194.3	32.3	1.92	289	262	122	13.2	67	2	10	17	4	Temporal
JEP225	JEP225	C	5.1	6	0.09	NONE	2	4	4.4	8	7.9	135	8.4	2.19	135.2	21	1.64	546	150	44	14.9	70	2	18	8	1	Temporal
JEP226	JEP226	C	5.5	6.2	0.09	NONE	2	4.2	7.2	13	20.3	161	9.2	1.79	215.4	35.6	1.76	347	185	109	12.6	67	3	14	12	4	Temporal
JEP227	JEP227	C	5	5.7	0.08	NONE	2	3.4	1.2	2	6.6	81	8.5	1.52	144.5	14.9	1.5	333	158	100	16.9	79	1	9	8	3	Temporal
JEP228	JEP228	C	5.8	6.3	0.09	NONE	2	3.3	0.8	1	7.8	171	10.9	1.12	150.2	36.4	1.73	319	259	192	11.5	56	4	14	19	7	Temporal
JEP229	JEP229	C	5.3	5.9	0.12	NONE	2	5.5	3.5	6	12.3	222	7.9	3.22	156.9	17.9	1.55	860	263	48	18.5	61	3	23	12	1	Temporal
JEP230	JEP230	C	6.2	6.4	0.12	NONE	2	3.6	3.9	7	19.4	202	13.1	1.99	258.3	144	2.13	337	486	256	12.9	43	4	13	31	9	Temporal
JEP231	JEP231	C	5.2	5.8	0.08	NONE	2	3.7	1.6	3	10	102	7	2.02	179	19.3	1.89	558	225	80	17	69	2	16	11	2	Temporal
JEP232	JEP232	C	5.8	6.2	0.11	NONE	2	3.5	2.5	5	10.3	129	7.8	1.53	204.9	63	1.7	335	313	153	13.5	61	2	12	19	5	Temporal
JTS01	JTS01	C	5.3	6	0.1	NONE	2	3.7	3.3	6	7.7	186	5.5	2.24	100.3	21	1.4	523	139	45	14	68	3	19	8	1	Spatial
JTS02	JTS02	C	5.6	6.2	0.11	NONE	2	3.1	1.8	3	7.5	87	6.9	1	157	70.9	1.57	356	163	114	11.8	67	2	15	12	4	Spatial
JTS03	JTS03	C	5.3	6	0.1	NONE	2	4.2	1.9	3	7.1	72	8.7	1.05	133.1	41.2	1.64	473	186	68	14.6	70	1	16	11	2	Spatial
JTS04	JTS04	C	5.6	6.2	0.1	NONE	2	3.8	1.4	2	7.3	132	7.7	1.64	95.8	35.5	1.86	565	423	85	15.1	53	2	19	23	2	Spatial
JTS05	JTS05	C	5.1	5.9	0.1	NONE	2	4	3.4	6	9.8	136	7.6	1.61	105.4	31.7	1.65	542	210	42	15.7	68	2	17	11	1	Spatial
JTS06	JTS06	C	5.6	6.3	0.09	NONE	2	3.5	1.4	3	6.7	116	6.8	1.46	69.3	23	1.25	799	236	42	13.7	53	2	29	14	1	Spatial
JTS07	JTS07	C	5.3	5.9	0.1	NONE	2	4	1.8	3	8.4	184	8.3	2.12	151	46.2	1.66	692	174	51	16.3	66	3	21	9	1	Spatial
JTS08	JTS08	C	5.3	6	0.1	NONE	2	4	1.8	3	11.3	165	6.7	2.23	179.3	17.7	1.62	576	180	56	14.9	66	3	19	10	2	Spatial
JTS09	JTS09	C	5.2	5.9	0.09	NONE	2	4	2.3	4	7	172	6.7	2.19	101.1	25.2	1.2	522	147	33	15.1	71	3	17	8	1	Spatial
JTS10	JTS10	C	5.7	6.3	0.11	NONE	2	4.8	1.3	2	7.1	220	6.4	3.31	90	25.2	1.87	1106	299	39	16.2	46	3	34	15	1	Spatial
JTS11	JTS11	C	5.3	6	0.11	NONE	2	4.5	2	4	6.8	193	8.3	2.99	122	28.4	1.59	780	170	27	15.9	63	3	24	9	1	Spatial
JTS12	JTS12	C	5.5	6.2	0.12	NONE	2	6.1	2.3	4	7.8	252	7.3	3.44	86	36.3	1.18	782	167	27	14.5	58	4	27	10	1	Spatial
JTS13	JTS13	C	5.1	5.8	0.11	NONE	2	3.8	1.6	3	8.6	99	10.3	1.41	146.5	28.2	1.49	456	257	83	16.7	70	2	13	13	2	Spatial
JTS14	JTS14	C	5.5	6	0.13	NONE	2	5.3	0.9	2	10.7	176	7.7	2.25	171.2	28.9	2.14	865	372	132	18.1	53	2	24	17	3	Spatial
JTS15	JTS15	C	5.8	6.1	0.12	NONE	2	5.3	1.2	2	10.3	232	5.8	3.5	144.7	24.3	1.66	879	276	52	16.7	55	4	26	14	1	Spatial
JTS16	JTS16	C	5.6	6.2	0.14	NONE	2	4.8	0.5	1	9.3	147	9.7	2.51	94.8	29.7	2.25	1000	563	94	18.8	44	2	27	25	2	Spatial
JTS17	JTS17	C	5.5	6	0.12	NONE	2	3.9	1.5	3	8.9	138	8.8	1.87	84.6	39.3	2.04	686	475	145	18.1	54	2	19	22	3	Spatial
JTS18	JTS18	C	5.4	6	0.14	NONE	2	3.8	1	2	8.5	83	10.6	1.75	100.7	39	1.97	454	378	112	15.9	62	1	14	20	3	Spatial
JTS19	JTS19	C	5.4	6	0.1	NONE	2	4.1	3.6	7	9.2	226	7.6	3.4	165.8	23.4	1.79	815	176	36	16.4	62	4	24	9	1	Spatial
JTS20	JTS20	C	5.4	6	0.1	NONE	2	4.6	0.9	2	8.3	110	11	2.25	112.6	37.9	1.74	543	343	69	16.1	62	2	16	18	2	Spatial
JTS21	JTS21	C	5.1	5.9	0.11	NONE	2	4.3	1.7	3	8.5	199	8.7	1.9	118.8	31.1	1.04	564	161	33	15.6	69	3	18	9	1	Spatial
JTS22	JTS22	C	5.6	6.2	0.1	HIGH	2	4.1	1.6	3	10.5	158	7.9	2.61	112.8	23.3	1.76	714	237	68	14.3	56	3	25	14	2	Spatial
JTS23	JTS23	C	6.1	6.3	0.08	NONE	2	4.2	1.3	2	6.9	115	4.8	3.17	68.7	30.9	1.25	992	196	33	14.1	50	2	35	12	1	Spatial
JTS24	JTS24	C	5.6	6.1	0.11	NONE	2	5.6	0.4	1	7.2	160	11.6	2.4	99.9	27.4	2.36	1246	539	92	20.7	44	2	30	22	2	Spatial
