Date	Year	DayOfYear	DayOfRun	TotalSolarRadiation	AveWindSpeed	AveWindDirection	MaxWindGust	AveAirTemp	MaxAirTemp	MinAirTemp	AveRelHumidity	MaxRelHumidity	MinRelHumidity	TotalPrecipitation
01/01/2020	2020	1	1	1.933	1.7	318	6.21	7.4	13.2	3	91	98	75	0
01/02/2020	2020	2	2	2.75	1.96	258	5.06	8.4	18.2	1.3	82	100	41	0
01/03/2020	2020	3	3	2.428	2.23	55	5.03	6.8	14.2	2.4	91	99	68	0
01/04/2020	2020	4	4	2.361	2.82	221	7.55	8.3	14.3	2.2	91	100	67	0.25
01/05/2020	2020	5	5	2.978	3.12	230	6.89	8.4	16.5	2.4	79	100	38	0.25
01/06/2020	2020	6	6	2.971	1.77	68	4.67	6.1	13.4	-0.1	80	98	48	0
01/07/2020	2020	7	7	1.983	2.76	90	12.02	4.5	9.8	-0.8	94	100	78	0
01/08/2020	2020	8	8	1.378	2.49	233	7.45	7.2	12.6	3.4	93	100	73	0
01/09/2020	2020	9	9	0.933	3.74	175	9.18	7.7	10.8	2.6	90	98	76	6.1
01/10/2020	2020	10	10	2.957	2.57	160	8.3	6.2	12	0	82	99	58	0.25
01/11/2020	2020	11	11	2.416	3.33	203	10.71	9.1	14.8	3	78	96	44	0
01/12/2020	2020	12	12	1.861	4.05	199	8.85	7	11.9	1.5	82	98	60	0
01/13/2020	2020	13	13	2.595	5.07	193	11.2	8.9	13.2	3.5	80	94	58	0
01/14/2020	2020	14	14	3.101	5.42	210	11.6	8.4	13.1	3.4	77	95	50	1.27
01/15/2020	2020	15	15	2.164	2.33	154	6.66	4.9	10.5	-0.5	85	100	57	0
01/16/2020	2020	16	16	0.733	5.14	145	14.37	6.6	9.5	2	83	97	64	16.26
01/17/2020	2020	17	17	1.408	2.15	63	5.95	4	7.9	0.3	97	100	86	0.25
01/18/2020	2020	18	18	2.949	2.96	35	9.02	5.6	11.2	0.1	84	100	60	0
01/19/2020	2020	19	19	1.033	2.61	80	5.68	4.7	7.1	1.5	95	100	78	0
01/20/2020	2020	20	20	0.963	1.67	150	5.95	6.1	9.7	3.3	94	100	78	0
01/21/2020	2020	21	21	1.198	2.95	143	6.86	9.5	14.1	2.6	91	100	69	1.27
01/22/2020	2020	22	22	3.045	1.77	348	4.87	10.6	15.3	5.6	86	100	50	0
01/23/2020	2020	23	23	1.529	1.33	54	5.13	8.5	13.2	3.1	93	100	78	0
01/24/2020	2020	24	24	2.947	2.72	261	8.49	11.3	17.7	4.2	88	100	64	0
01/25/2020	2020	25	25	2.501	1.94	129	5.26	11.5	14.6	6.2	92	100	78	0
01/26/2020	2020	26	26	3.368	5.34	203	12.12	13	17.9	8.8	83	99	53	3.81
01/27/2020	2020	27	27	3.277	5.99	208	10.19	11.8	17	8.9	79	92	62	0
01/28/2020	2020	28	28	1.926	4.01	192	9.08	11.1	16.3	7.4	87	96	64	0
01/29/2020	2020	29	29	3.305	3.14	238	10.45	10.6	19	4.4	80	99	42	0
01/30/2020	2020	30	30	2.615	3.19	165	6.57	10.1	18	6	86	98	55	0
01/31/2020	2020	31	31	3.21	1.41	26	4.7	9.8	17.9	4.4	90	100	61	0
02/01/2020	2020	32	32	2.916	1.29	135	3.95	8.6	18.1	1.6	93	100	62	0.25
02/02/2020	2020	33	33	3.439	5.02	243	14.99	9.5	15.3	1.3	65	100	22	0.25
02/03/2020	2020	34	34	4.024	6.98	304	16.3	5.9	11.7	-0.8	49	88	22	0
02/04/2020	2020	35	35	3.851	6.91	316	14.63	7	12.6	1.5	44	79	27	0
02/05/2020	2020	36	36	3.701	1.5	344	5.55	7.3	16.1	0.1	64	97	38	0
02/06/2020	2020	37	37	3.919	1.26	26	4.93	7.1	16.8	0.3	76	97	45	0
02/07/2020	2020	38	38	3.969	1.61	28	4.31	8.1	18.2	0	79	98	47	0
02/08/2020	2020	39	39	3.873	4.49	274	20.29	9.3	16.6	2	76	100	30	0
02/09/2020	2020	40	40	4.209	13.05	330	22.83	11.5	15.7	7.9	35	42	28	0
02/10/2020	2020	41	41	4.268	8.99	330	18.1	15.3	21.8	9.3	28	48	21	0
02/11/2020	2020	42	42	4.271	5.31	1	15.22	13.6	22.9	2.6	44	92	20	0
02/12/2020	2020	43	43	4.247	2.56	357	7.84	8.5	19.2	-0.7	72	96	33	0
02/13/2020	2020	44	44	4.2	4.6	213	9.21	8.5	14.4	2.4	83	100	62	0
02/14/2020	2020	45	45	3.926	3.56	267	8.59	9	17.3	3.5	82	99	51	0
02/15/2020	2020	46	46	3.828	2.64	225	7.35	9.8	18.5	1.4	80	100	49	0
02/16/2020	2020	47	47	4.16	5.25	212	13.07	12.1	19.1	8.5	70	96	41	0
02/17/2020	2020	48	48	4.509	7.02	309	16.37	14.2	21.2	7.9	39	96	14	0
02/18/2020	2020	49	49	4.533	3.84	349	13.1	11.2	18.4	2.9	42	87	22	0
02/19/2020	2020	50	50	4.46	2.43	284	7.19	8.6	18.4	0.3	64	92	28	0
02/20/2020	2020	51	51	4.072	2.83	342	7.19	9.7	18.8	1.8	64	92	33	0
02/21/2020	2020	52	52	4.49	2.92	294	9.6	11.6	22.7	1.7	59	94	20	0
02/22/2020	2020	53	53	4.452	5.73	220	14.21	11.3	19.4	3.4	72	93	41	0
02/23/2020	2020	54	54	4.397	3.87	214	11.89	11.1	18.1	6.5	77	96	49	0
02/24/2020	2020	55	55	4.83	3.62	269	11.27	12.5	23.7	2.5	62	100	12	0
02/25/2020	2020	56	56	4.883	4.32	4	13.88	15.6	23.5	6.3	41	80	21	0
02/26/2020	2020	57	57	4.805	1.6	357	4.31	12.2	23.2	3.4	68	95	37	0
02/27/2020	2020	58	58	4.882	2.02	344	7.32	12.3	23.6	1.9	70	99	29	0
02/28/2020	2020	59	59	4.131	3.03	310	9.64	13	22.3	3.7	70	94	44	0
02/29/2020	2020	60	60	4.779	8.84	217	13.56	11.6	17.2	7.1	66	90	40	0
03/01/2020	2020	61	61	3.346	7.48	328	13.07	11.2	15.6	6.2	41	79	24	0
03/02/2020	2020	62	62	5.209	10.17	329	20.45	15.2	22	9.1	26	39	13	0
03/03/2020	2020	63	63	5.179	3.54	58	10.91	13.7	23	4.7	56	88	35	0
03/04/2020	2020	64	64	5.186	1.85	31	8.4	12.8	24.3	2.4	67	94	32	0
03/05/2020	2020	65	65	4.864	7.16	218	11.53	12.8	18.7	8.5	77	93	55	0
03/06/2020	2020	66	66	3.987	7.19	227	12.81	11.5	15.3	9	75	86	60	0
03/07/2020	2020	67	67	2.9	4.13	195	8.62	9.7	13.7	6	79	91	59	0.51
03/08/2020	2020	68	68	2.452	1.8	233	5.26	8.6	13.4	2.9	79	97	59	0
03/09/2020	2020	69	69	5.095	2.2	313	7.91	11.1	18.7	4.1	66	94	39	0
03/10/2020	2020	70	70	5.183	4.45	349	14.14	13.7	23.4	3.1	57	89	25	0
03/11/2020	2020	71	71	5.429	2.54	205	6.43	13.8	22.7	5.7	69	96	36	0
03/12/2020	2020	72	72	5.636	5.15	228	11.01	15.2	25.3	5.4	65	97	24	0
03/13/2020	2020	73	73	5.528	9.07	227	19.93	12.3	17.4	8.6	74	92	56	0
03/14/2020	2020	74	74	2.094	5.14	200	11.69	9.4	11.3	7.5	83	93	69	8.13
03/15/2020	2020	75	75	2.712	4.74	188	12.02	9	11.9	6.7	79	96	53	7.11
03/16/2020	2020	76	76	2.023	2.56	40	7.78	6.3	8.5	4.2	86	96	73	4.83
03/17/2020	2020	77	77	4.155	2.5	163	6.3	7.9	13.2	3.7	79	96	47	0
03/18/2020	2020	78	78	2.251	1.85	359	5.03	9.2	11.9	6.7	81	95	59	1.52
03/19/2020	2020	79	79	5.806	1.76	17	5.75	9	16.3	0.9	75	99	42	0
03/20/2020	2020	80	80	5.764	2.11	5	6.34	9.1	17.1	1	77	99	43	0
03/21/2020	2020	81	81	5.201	2.09	166	9.08	10	17.9	3.3	76	97	47	0
03/22/2020	2020	82	82	5.712	2.72	319	6.53	11.3	20.1	2.2	75	98	37	0
03/23/2020	2020	83	83	3.823	7.09	213	15.84	10.5	14.3	3.7	76	94	53	0
03/24/2020	2020	84	84	3.205	4.27	192	12.67	8.7	14.2	3.6	83	94	52	1.78
03/25/2020	2020	85	85	5.01	4.25	228	11.63	6.8	14.2	0.8	76	98	34	4.32
03/26/2020	2020	86	86	6.149	3.19	253	9.6	7.2	15.5	-0.3	71	96	30	0
03/27/2020	2020	87	87	6.141	7.07	212	14.14	9.7	15.6	4.5	68	88	45	0
03/28/2020	2020	88	88	2.603	2.85	197	8.13	10.3	14.2	6.8	84	96	59	1.27
03/29/2020	2020	89	89	4.111	2.67	158	6.63	11.4	16.9	6.7	80	97	54	0
03/30/2020	2020	90	90	4.875	4.67	208	9.51	12.4	17.7	8.8	75	92	54	0
03/31/2020	2020	91	91	5.747	7.3	215	12.05	13.9	20.5	9.9	78	93	55	0
04/01/2020	2020	92	92	6.414	3.88	236	9.05	10.7	17.6	3.5	65	90	32	0
04/02/2020	2020	93	93	6.913	6.46	283	13.65	12.5	20.2	1.8	41	84	14	0
04/03/2020	2020	94	94	6.622	4.98	229	9.47	11.3	18.9	3.9	60	86	28	0
04/04/2020	2020	95	95	1.986	6.22	189	13.43	10.7	14.9	7.2	82	95	66	3.3
04/05/2020	2020	96	96	1.667	4.51	174	14.73	10.2	12.4	5.3	84	96	68	9.4
04/06/2020	2020	97	97	3.458	3.34	358	8.13	7.2	13.2	2.6	86	98	58	0
04/07/2020	2020	98	98	6.55	2.35	239	6.63	10.5	18.7	1.9	76	98	41	0
04/08/2020	2020	99	99	3.908	5.35	215	11.63	12.2	17.5	7.8	79	94	58	0
04/09/2020	2020	100	100	4.092	3.44	116	8.89	12.4	16.9	7.2	81	97	56	0
04/10/2020	2020	101	101	6.146	4.39	230	12.64	13.6	20.4	3.8	75	98	51	0
04/11/2020	2020	102	102	6.674	8.16	216	13.33	12.6	17.1	9.2	80	93	65	0
04/12/2020	2020	103	103	5.941	5.48	223	12.67	14.4	21.5	10	78	89	56	0
04/13/2020	2020	104	104	6.913	5.54	264	12.84	15	24.6	8.7	62	91	12	0
04/14/2020	2020	105	105	7.404	5.42	304	11.4	17.6	26.6	8.2	29	59	9	0
04/15/2020	2020	106	106	6.928	3.31	214	9.64	16.9	27.8	5.6	55	93	19	0
04/16/2020	2020	107	107	5.987	6.4	227	14.21	15.2	24	10.8	73	94	35	0
04/17/2020	2020	108	108	5.771	9.21	222	16.17	13.2	18.3	9.8	72	88	53	0
04/18/2020	2020	109	109	6.442	5.81	222	12.94	13.4	18.6	9	64	85	46	0
04/19/2020	2020	110	110	7.138	6.05	218	11.96	13.6	18.9	8.2	65	90	46	0
04/20/2020	2020	111	111	4.135	7.63	217	12.71	13.6	18.8	9.9	65	88	47	0
04/21/2020	2020	112	112	7.24	6.4	216	12.87	15.5	24.2	8.4	66	94	40	0
04/22/2020	2020	113	113	7.075	5.63	212	13.23	18.2	27.6	9.8	65	91	32	0
04/23/2020	2020	114	114	7.226	4.44	218	11.01	19.8	28.9	12.3	63	94	30	0
04/24/2020	2020	115	115	7.428	4.18	214	10.68	21.6	32.1	12.1	49	81	22	0
04/25/2020	2020	116	116	6.729	4.17	215	11.11	21.8	30.9	12.7	54	88	27	0
04/26/2020	2020	117	117	7.46	7.04	210	12.9	19.3	27.5	12.7	54	87	31	0
04/27/2020	2020	118	118	7.103	5.43	218	10.36	20	29	12.2	49	80	23	0
04/28/2020	2020	119	119	7.396	4.5	217	11.01	21.7	31.1	14.3	60	91	32	0
04/29/2020	2020	120	120	5.863	9.62	215	15.75	17.5	25.1	13	68	86	40	0
04/30/2020	2020	121	121	7.046	8.56	216	16.27	18.1	27.4	12.5	50	86	19	0
05/01/2020	2020	122	122	7.617	7.45	216	15.55	17.7	26.7	10.2	43	87	19	0
05/02/2020	2020	123	123	6.308	7.59	220	13.3	16.6	22.2	11.1	71	94	46	0
05/03/2020	2020	124	124	7.898	4.9	220	11.99	15.6	24	5.6	56	96	29	0
05/04/2020	2020	125	125	7.713	4.18	242	11.01	17.6	28.6	6.5	46	90	18	0
05/05/2020	2020	126	126	7.854	7.91	214	15.42	18	27.5	10.4	50	77	25	0
05/06/2020	2020	127	127	8.023	5.83	284	13.46	18.4	29.2	6.5	46	86	6	0
05/07/2020	2020	128	128	8.002	4.61	248	12.64	21.7	33.8	8.9	39	83	10	0
05/08/2020	2020	129	129	7.638	3.14	260	7.64	22.9	35.4	8.9	44	92	11	0
05/09/2020	2020	130	130	7.976	7.55	219	13.62	18.9	30	11.6	59	87	25	0
05/10/2020	2020	131	131	7.691	10.89	221	17.54	15.6	23.1	11.1	69	90	41	0
05/11/2020	2020	132	132	5.861	5.49	220	15.19	15.4	24	10.9	69	94	18	0.25
05/12/2020	2020	133	133	5.787	6.02	204	14.24	14.9	20.7	10.2	72	94	43	0.76
05/13/2020	2020	134	134	3.759	4.67	215	11.63	14.1	20.6	5.9	75	96	47	0
05/14/2020	2020	135	135	4.521	4.66	208	10.16	15.2	20.7	10.3	76	92	53	0
05/15/2020	2020	136	136	7.424	4.92	219	12.67	17.8	25.7	10.8	60	95	36	0
05/16/2020	2020	137	137	7.056	7.9	214	15.55	18.7	25.1	13.8	53	85	33	0
05/17/2020	2020	138	138	6.264	6.13	202	15.61	17.7	24.4	13.5	68	95	35	0.51
05/18/2020	2020	139	139	6.548	5.18	218	12.84	15.3	20.8	10.7	69	95	37	3.05
05/19/2020	2020	140	140	6.248	4.87	221	12.05	15.8	22.5	9.5	64	93	37	0
05/20/2020	2020	141	141	7.896	4.23	214	9.8	17.2	24.6	9.8	62	92	34	0
05/21/2020	2020	142	142	7.984	5.35	219	12.38	19.6	28.2	12	57	92	27	0
05/22/2020	2020	143	143	8.239	5.47	252	11.79	18	25.8	11.1	48	80	15	0
05/23/2020	2020	144	144	8.345	5.82	262	12.38	20.6	30	9.9	37	85	13	0
05/24/2020	2020	145	145	8.196	5.43	244	11.92	22.8	33.4	10.9	42	87	15	0
05/25/2020	2020	146	146	8.016	3.98	241	10.55	26.1	36.9	13.2	41	81	18	0
05/26/2020	2020	147	147	8.028	3.87	234	10	28	38.8	16.2	43	75	20	0
05/27/2020	2020	148	148	8.221	4.8	222	10.62	27.9	38.4	19	40	66	14	0
05/28/2020	2020	149	149	8.218	7.44	219	15.09	23.5	36	13.9	51	83	12	0
05/29/2020	2020	150	150	7.079	12.53	222	21.4	17.8	25.9	12.4	68	91	42	0
05/30/2020	2020	151	151	4.34	4.78	198	11.96	18.5	24.4	14.3	66	88	40	3.05
05/31/2020	2020	152	152	6.845	6.17	218	11.24	18.6	24.6	13.3	65	88	43	0
06/01/2020	2020	153	153	7.675	5.24	218	9.73	21.1	30.2	14.1	54	82	23	0
06/02/2020	2020	154	154	8.19	4.27	230	9.21	25.5	35.8	14.2	47	88	21	0
06/03/2020	2020	155	155	8.186	4.23	232	9.87	27.4	38.5	15.2	42	82	12	0
06/04/2020	2020	156	156	8.352	5.31	234	13.69	25.5	38.4	13.7	46	84	11	0
06/05/2020	2020	157	157	8.028	12.25	218	19.99	17.1	22.3	12.8	59	80	39	0
06/06/2020	2020	158	158	8.017	9.88	217	19.21	16.7	23.7	10.6	54	78	30	0
06/07/2020	2020	159	159	7.665	4.5	248	14.14	16.6	23.5	8.2	42	71	20	0
06/08/2020	2020	160	160	8.571	6.73	299	14.63	20.1	28.6	13.8	32	61	14	0
06/09/2020	2020	161	161	8.439	4.33	224	10.22	22.9	33.1	9.9	41	78	13	0
06/10/2020	2020	162	162	8.149	4.65	220	10.75	24.8	35.8	15.3	46	77	13	0
06/11/2020	2020	163	163	7.811	7.11	210	13.52	22.9	33.7	15.4	53	85	16	0
06/12/2020	2020	164	164	6.321	9.97	221	18.16	17.8	23.5	13.1	60	80	38	0
06/13/2020	2020	165	165	7.687	7.5	217	14.28	17.5	23.8	11.8	56	85	32	0
06/14/2020	2020	166	166	8.041	5.6	216	11.99	20.4	29	13.2	57	83	31	0
06/15/2020	2020	167	167	6.221	8.73	213	16.27	20.5	28	14.7	54	76	34	0
06/16/2020	2020	168	168	8.46	5.64	207	11.5	19.3	26.4	12.2	51	77	27	0
06/17/2020	2020	169	169	8.708	7.71	304	17.25	23.2	31.1	13.2	30	81	13	0
06/18/2020	2020	170	170	8.543	4.51	281	9.51	24.9	34.9	13	31	63	11	0
06/19/2020	2020	171	171	8.304	8.41	217	14.86	22.7	32.9	14.9	47	84	21	0
06/20/2020	2020	172	172	8.125	9.74	216	15.97	19.6	28.8	12.8	63	90	36	0
06/21/2020	2020	173	173	8.182	6.83	221	12.02	23.2	33.4	15.5	56	85	30	0
06/22/2020	2020	174	174	8.292	7.57	221	14.93	23.1	34.5	13.6	57	89	27	0
06/23/2020	2020	175	175	8.089	9.47	216	16.89	22.2	33.4	15.1	58	82	28	0
06/24/2020	2020	176	176	8.041	8.1	221	14.9	22.8	34.1	14.1	58	88	30	0
06/25/2020	2020	177	177	8.194	9.29	222	17.22	22.7	33	14.1	56	85	32	0
06/26/2020	2020	178	178	8.215	10.23	217	18.1	22.6	33.4	14.7	58	83	32	0
06/27/2020	2020	179	179	8.362	11.74	217	18.98	19	27.3	13.7	66	88	41	0
06/28/2020	2020	180	180	8.286	10	214	15.58	18.5	25.3	13.1	56	80	34	0
06/29/2020	2020	181	181	8.614	6.86	265	15.32	22.1	31.4	12.8	40	77	14	0
06/30/2020	2020	182	182	8.462	5.25	219	11.04	23.5	33.4	14.7	44	74	17	0
07/01/2020	2020	183	183	8.445	7.59	226	16.2	20.8	32.2	13	57	84	24	0
07/02/2020	2020	184	184	8.523	9.63	221	16.14	18.4	27.9	12.3	63	87	28	0
07/03/2020	2020	185	185	8.45	8.26	218	14.18	19.4	29.2	11.9	58	86	30	0
07/04/2020	2020	186	186	8.442	5.22	232	11.3	24.1	35.2	13.5	44	81	17	0
07/05/2020	2020	187	187	8.588	6.92	211	13.03	24.7	34.7	16.4	38	59	16	0
07/06/2020	2020	188	188	8.606	9.86	212	17.02	21.3	30	15.1	45	69	23	0
07/07/2020	2020	189	189	8.472	5.8	230	14.54	21.7	31.9	12.2	48	81	23	0
07/08/2020	2020	190	190	8.417	5.77	226	11.76	23.7	34.3	15.1	47	80	19	0
07/09/2020	2020	191	191	8.452	5.62	220	11.37	24.1	36	13.5	47	80	16	0
07/10/2020	2020	192	192	8.408	5.88	218	11.37	25.6	36.4	16.4	41	67	13	0
07/11/2020	2020	193	193	8.667	4.9	215	10.62	26.5	39.3	14.1	38	75	5	0
07/12/2020	2020	194	194	8.809	5.82	220	12.45	26.4	39.1	14.1	38	71	7	0
07/13/2020	2020	195	195	8.337	9.14	216	15.22	21.5	30.4	13.5	55	81	32	0
07/14/2020	2020	196	196	8.286	9.68	222	15.88	19.7	29.8	13	61	84	33	0
07/15/2020	2020	197	197	8.079	9.87	216	18.85	20.6	31.9	13.3	61	87	30	0
07/16/2020	2020	198	198	8.024	10.96	217	18.72	19.7	28.6	13.7	63	86	37	0
07/17/2020	2020	199	199	8.192	9.51	218	15.26	19.9	28.9	13	62	89	31	0
07/18/2020	2020	200	200	8.186	7.66	214	14.57	22.9	34.6	14.2	54	82	19	0
07/19/2020	2020	201	201	8.132	10.75	214	17.22	20.4	28.4	14.6	60	84	34	0
07/20/2020	2020	202	202	7.976	11.73	218	18.59	18.6	26.8	13	66	90	41	0
07/21/2020	2020	203	203	7.361	10.22	218	16.43	18.9	28.4	13.3	68	89	36	0
07/22/2020	2020	204	204	8.42	10.54	221	16.43	18.7	26.9	13.7	67	88	38	0
07/23/2020	2020	205	205	8.05	9.21	219	14.37	19.7	30	13	65	93	31	0
07/24/2020	2020	206	206	8.022	9.3	218	14.99	20	29.1	13.7	60	82	33	0
07/25/2020	2020	207	207	8.004	7.6	224	13.92	21.3	33.1	12.9	57	89	17	0
07/26/2020	2020	208	208	7.953	8.83	218	14.83	22	33.1	13.8	54	85	23	0
07/27/2020	2020	209	209	7.924	9.65	215	15.32	21.5	31.7	14.2	53	78	24	0
07/28/2020	2020	210	210	8.047	8.55	212	13.95	21.2	33.1	13.3	58	85	27	0
07/29/2020	2020	211	211	8.302	8.43	211	14.05	21.5	33.8	13.1	58	89	22	0
07/30/2020	2020	212	212	8.103	9.3	212	16.14	20.5	32.5	13.2	60	88	23	0
07/31/2020	2020	213	213	8.391	9.45	214	14.83	20.8	31.7	12.5	59	90	28	0
08/01/2020	2020	214	214	8.021	7.03	217	13.03	22.6	33.1	14.3	52	84	24	0
08/02/2020	2020	215	215	7.986	7.71	214	13.65	22.6	33.5	14.3	52	83	24	0
08/03/2020	2020	216	216	7.913	7.35	213	14.14	24.4	35	17.4	48	75	21	0
08/04/2020	2020	217	217	7.881	8.61	215	15.22	21.2	31.3	14.6	63	86	33	0
08/05/2020	2020	218	218	7.516	10.36	206	16.5	18	24	14.6	71	86	49	0
08/06/2020	2020	219	219	7.606	6.47	220	13.2	20.6	30.3	14	63	89	34	0
08/07/2020	2020	220	220	7.622	6.04	217	12.18	22.1	33.5	14	57	86	27	0
08/08/2020	2020	221	221	7.532	7.26	220	12.12	23.1	33	15.2	55	83	29	0
08/09/2020	2020	222	222	7.571	6.74	224	14.31	25.2	36.1	16.1	46	75	22	0
08/10/2020	2020	223	223	7.405	9.53	218	16.56	22.8	33.3	16.3	52	80	28	0
08/11/2020	2020	224	224	7.601	11.61	218	19.83	19.9	27.8	15.2	66	86	40	0
08/12/2020	2020	225	225	7.673	6.52	214	15.03	22.5	35.6	13.2	57	93	17	0
08/13/2020	2020	226	226	7.344	4.18	214	9.51	27.2	38.8	16.2	37	72	14	0
08/14/2020	2020	227	227	7.054	3.38	278	9.6	30.7	40.7	22.2	31	48	15	0
08/15/2020	2020	228	228	7.384	5.15	214	9.64	31.8	41.9	21.7	32	57	10	0
08/16/2020	2020	229	229	5.483	5.24	249	22.54	31.2	40.2	24.1	40	75	17	0.76
08/17/2020	2020	230	230	4.403	4.84	232	15.22	29.7	38.4	22.5	45	63	25	0
08/18/2020	2020	231	231	6.442	5.2	206	11.83	30.2	40.8	21.2	42	72	18	0
08/19/2020	2020	232	232	3.835	5.78	211	11.07	28.9	38.8	21.3	28	44	12	0
08/20/2020	2020	233	233	5.066	7.26	212	13.2	22.8	32.7	16.3	50	73	23	0
08/21/2020	2020	234	234	6.155	5.33	222	12.58	24.1	35.4	16.4	57	84	31	0
08/22/2020	2020	235	235	6.534	4.44	230	9.67	25.7	37.5	17	52	81	19	0
08/23/2020	2020	236	236	6.055	7.2	221	16.14	25	32.8	17.5	49	74	22	0
08/24/2020	2020	237	237	5.065	6.68	216	11.89	25.4	33	19.7	48	67	19	0
08/25/2020	2020	238	238	6.115	9.38	215	13.46	22.4	31.9	16.5	59	78	32	0
08/26/2020	2020	239	239	6.551	9.19	218	15.61	19.7	29.1	13.5	63	85	35	0
08/27/2020	2020	240	240	7.066	7.29	224	14.86	19.7	30.7	12.3	63	92	29	0
08/28/2020	2020	241	241	6.246	7.01	213	13.92	21.2	32.1	13.8	61	88	30	0
08/29/2020	2020	242	242	6.268	8.6	220	14.21	20.4	29.9	14.1	61	86	30	0
08/30/2020	2020	243	243	6.006	6.33	223	13.16	20.8	31.8	13.2	59	87	30	0
08/31/2020	2020	244	244	6.155	6.54	221	12.48	20.8	31.2	12.7	60	87	29	0
09/01/2020	2020	245	245	6.136	10.38	218	16.92	19.1	26.9	14.3	65	84	40	0
09/02/2020	2020	246	246	6.17	9.76	217	18.1	19.2	27.5	14.6	67	87	40	0
09/03/2020	2020	247	247	6.449	8.75	215	14.44	19.8	28.9	13.4	67	92	38	0
09/04/2020	2020	248	248	6.149	6.62	213	11.86	22.8	35	13.6	52	86	22	0
09/05/2020	2020	249	249	6.26	2.53	283	7.29	26.6	38	16.2	45	73	20	0
09/06/2020	2020	250	250	5.904	2.47	274	6.76	30.1	41.9	19.1	37	62	20	0
09/07/2020	2020	251	251	5.611	3.99	225	11.53	30.6	43.6	20.1	30	57	12	0
09/08/2020	2020	252	252	4.195	8.49	288	20.32	27.2	34.7	19.7	26	58	7	0
09/09/2020	2020	253	253	1.783	5.48	219	11.11	18.2	21.3	15.4	69	86	50	0
09/10/2020	2020	254	254	3.156	3.69	218	7.32	17.2	23.4	12.5	75	93	46	0
09/11/2020	2020	255	255	4.771	3.03	217	7.45	20.2	30.2	13.6	63	92	32	0
09/12/2020	2020	256	256	4.856	2.36	218	5.1	20.9	32.3	11.7	58	92	20	0
09/13/2020	2020	257	257	5.005	5.28	219	13.39	19.8	29.1	13	62	85	33	0
09/14/2020	2020	258	258	5.571	6.19	213	12.25	19.3	30.4	12.5	62	87	21	0
09/15/2020	2020	259	259	5.519	5.57	218	10.52	20.8	31.7	13.9	64	93	17	0
09/16/2020	2020	260	260	5.991	5.81	210	11.3	22	32.5	15.3	68	94	22	0
09/17/2020	2020	261	261	5.895	5.75	213	11.56	21.7	32	15.8	68	96	24	0
09/18/2020	2020	262	262	5.609	7.58	219	13.72	20.2	27.2	15.9	69	89	39	0
09/19/2020	2020	263	263	5.758	3.87	248	9.9	20.9	30.2	14.2	64	92	27	0
09/20/2020	2020	264	264	5.135	4.07	220	8.85	22.9	32.5	12.6	53	89	23	0
09/21/2020	2020	265	265	5.697	4.45	206	11.3	21.8	32.2	12.8	55	86	17	0
09/22/2020	2020	266	266	5.95	8.26	211	14.73	21.1	30	14.7	55	85	22	0
09/23/2020	2020	267	267	5.768	6.78	216	13.62	21.7	31.3	14.7	53	80	26	0
09/24/2020	2020	268	268	5.657	8.13	213	15.78	21.9	30.9	16.6	61	91	35	0
09/25/2020	2020	269	269	5.593	5.98	212	12.18	20.7	29.4	14.4	57	83	32	0
09/26/2020	2020	270	270	4.804	3.99	235	8.4	23.4	32.5	16	52	82	25	0
09/27/2020	2020	271	271	5.332	7.33	348	20.19	27.2	35	19.5	28	67	14	0
09/28/2020	2020	272	272	5.027	6.36	319	14.73	27.9	36	19.1	20	51	10	0
09/29/2020	2020	273	273	4.889	3.43	257	8.49	23.2	35.3	13.5	50	83	13	0
09/30/2020	2020	274	274	4.903	4.09	228	7.38	24.6	38.4	15	50	91	11	0
10/01/2020	2020	275	275	3.904	2.59	235	7.12	24.1	34.9	16.1	41	67	20	0
10/02/2020	2020	276	276	3.833	1.92	305	6.99	22.7	34.1	14.2	48	73	23	0
10/03/2020	2020	277	277	4.342	2.54	215	7.71	23.3	36.7	13.7	49	88	14	0
10/04/2020	2020	278	278	5.379	3.62	226	10.52	22.3	34.9	12.1	48	82	11	0
10/05/2020	2020	279	279	5.132	2.94	267	8.04	21.6	34.4	11.2	50	92	13	0
10/06/2020	2020	280	280	4.52	3.45	221	9.38	21.3	34.2	11.5	53	90	15	0
10/07/2020	2020	281	281	4.795	6.8	217	13.26	18.1	27.4	11.6	61	83	26	0
10/08/2020	2020	282	282	3.287	9.79	220	14.34	16.1	22.1	13.3	72	84	48	0
10/09/2020	2020	283	283	4.611	5.5	214	14.5	17.1	24.4	12.9	70	88	40	0
10/10/2020	2020	284	284	3.736	7.23	218	12.74	18.1	23.2	14.7	77	90	57	0
10/11/2020	2020	285	285	4.945	5.2	277	13.65	18.4	28.2	11	52	92	12	0
10/12/2020	2020	286	286	4.906	3.08	256	9.31	19.6	30.6	10.6	50	86	19	0
10/13/2020	2020	287	287	4.753	2.24	273	5.42	20.1	32.5	8.3	52	88	21	0
10/14/2020	2020	288	288	4.825	4.83	301	14.05	24.2	34.5	13.1	38	83	10	0
10/15/2020	2020	289	289	4.708	7.41	350	15.88	26.8	33.4	19.9	17	32	11	0
10/16/2020	2020	290	290	4.648	4.47	357	11.5	23.1	34.5	12	28	53	10	0
10/17/2020	2020	291	291	4.341	2.55	301	9.83	21.9	33.9	9.4	36	63	15	0
10/18/2020	2020	292	292	4.579	2.38	288	7.61	20.8	32.6	9.4	43	65	20	0
10/19/2020	2020	293	293	4.542	2.96	245	7.22	20.6	31.6	11.5	52	84	19	0
10/20/2020	2020	294	294	4.536	3.79	241	10.29	20.8	32.1	10.9	50	91	16	0
10/21/2020	2020	295	295	4.497	2.41	248	9.51	20.8	32.2	9.3	48	82	18	0
10/22/2020	2020	296	296	4.418	6.02	322	16.59	19.2	26.6	10.6	31	84	10	0
10/23/2020	2020	297	297	4.406	5.73	219	11.92	15.9	23.9	9	64	92	25	0
10/24/2020	2020	298	298	4.252	8.3	217	13.92	15	19.7	11.5	73	91	54	0
10/25/2020	2020	299	299	3.742	9.21	298	21.56	15.4	20.8	10.4	47	88	10	0
10/26/2020	2020	300	300	4.303	10.68	326	19.18	16.8	22.9	11.3	10	16	5	0
10/27/2020	2020	301	301	4.159	2.91	66	7.06	13.5	22.9	5	31	58	10	0
10/28/2020	2020	302	302	4.138	1.27	36	3.95	12	23.7	1.6	44	68	21	0
10/29/2020	2020	303	303	3.987	1.32	13	4.38	12.5	25.2	2.1	47	74	20	0
10/30/2020	2020	304	304	3.693	1.64	261	4.44	12.9	26.1	2.7	53	79	19	0
10/31/2020	2020	305	305	3.915	1.4	15	4.54	13.5	25.8	3	52	82	22	0
11/01/2020	2020	306	306	3.775	1.31	0	4.93	13.3	26	3.1	52	77	25	0
11/02/2020	2020	307	307	3.821	1.92	346	7.61	14.8	27.5	3.5	49	74	22	0
11/03/2020	2020	308	308	3.842	3.98	205	9.28	15.3	26.3	7.7	58	91	22	0
11/04/2020	2020	309	309	3.662	2.71	261	6.43	15.4	25.6	7.7	62	92	25	0
11/05/2020	2020	310	310	3.719	2.38	135	10.85	16.5	27.4	5.2	61	92	28	0
11/06/2020	2020	311	311	3.136	7.48	229	15.32	13.3	17.8	7.9	57	85	29	0
11/07/2020	2020	312	312	3.398	3.62	249	9.9	10.6	16.6	5	66	91	35	2.03
11/08/2020	2020	313	313	3.295	5.54	291	14.11	9.8	14.9	5.3	40	78	17	0
11/09/2020	2020	314	314	3.396	4.94	322	12.48	8.7	14.2	0.1	32	58	20	0
11/10/2020	2020	315	315	3.745	2.39	200	7.19	8.1	17.5	-3.2	53	84	23	0
11/11/2020	2020	316	316	2.584	3.14	321	8.95	8.2	13.6	0.6	70	89	55	0
11/12/2020	2020	317	317	3.237	1.88	188	6.17	6.8	17.3	-3.1	63	91	29	0
11/13/2020	2020	318	318	1.103	5.36	187	12.51	11.3	16.1	7.9	77	96	42	8.13
11/14/2020	2020	319	319	3.388	2.81	327	8.1	10.2	16.7	4.6	79	95	46	0
11/15/2020	2020	320	320	3.399	2.04	158	5.75	10.5	21.1	1.6	73	96	39	0.25
11/16/2020	2020	321	321	3.37	3.1	17	7.32	10.7	19	4.2	71	93	39	0
11/17/2020	2020	322	322	1.137	3.43	177	15.26	11.9	19.7	5.6	85	95	45	2.54
11/18/2020	2020	323	323	2.361	4.77	186	12.71	13.6	18.5	7.5	85	96	59	3.3
11/19/2020	2020	324	324	3.179	3.78	283	10.09	10.3	17.1	4.3	73	98	37	0.25
11/20/2020	2020	325	325	3.267	2.58	301	12.02	8	18.1	1.5	65	93	26	0
11/21/2020	2020	326	326	3.055	2.51	323	9.44	7.2	17	-2.4	63	90	29	0
11/22/2020	2020	327	327	3.009	2.95	235	8.33	8.4	17.9	-1.1	71	95	29	0
11/23/2020	2020	328	328	3.134	3.01	245	6.79	10.1	18.2	3.7	72	93	36	0
11/24/2020	2020	329	329	3.182	2.56	190	9.11	10.6	19.7	2.4	72	96	32	0
11/25/2020	2020	330	330	2.919	4.5	253	10.39	9.7	17	2.9	68	92	25	0
11/26/2020	2020	331	331	3.23	10.1	327	17.08	12.9	17	5.9	32	68	21	0
11/27/2020	2020	332	332	3.14	2.25	42	9.87	6.9	15.2	-0.9	57	86	32	0
11/28/2020	2020	333	333	3.09	2.19	349	5.65	6.4	17.1	-2.5	61	86	28	0
11/29/2020	2020	334	334	3.026	0.88	352	4.34	5.8	17.2	-3.6	67	92	33	0
11/30/2020	2020	335	335	3.019	1.66	248	4.96	7.1	19	-2.3	65	92	31	0
12/01/2020	2020	336	336	3.001	1.7	268	5.65	7.6	18.4	-0.3	67	93	29	0
12/02/2020	2020	337	337	2.832	1.84	35	5.62	7	18.8	-0.8	67	89	29	0
12/03/2020	2020	338	338	2.574	2.02	333	5.85	7.3	17.5	-0.4	67	93	32	0
12/04/2020	2020	339	339	2.89	1.44	275	6.01	7.5	19.7	-0.7	63	94	26	0
12/05/2020	2020	340	340	2.246	2.35	343	9.24	6.8	16	-1.6	69	90	39	0
12/06/2020	2020	341	341	2.561	4.58	278	19.63	10.4	18.7	2.2	61	92	26	0
12/07/2020	2020	342	342	2.907	9.74	326	19.18	17	22.3	12.8	28	38	19	0
12/08/2020	2020	343	343	2.938	1.45	49	7.12	8.5	18.2	-0.5	53	77	25	0
12/09/2020	2020	344	344	2.674	3.11	342	9.41	9.4	18.7	1.5	55	78	27	0
12/10/2020	2020	345	345	2.869	4.1	223	9.93	10.2	19.6	0.8	57	89	15	0
12/11/2020	2020	346	346	1.202	3.92	190	9.05	8.3	12.8	5.3	80	95	48	6.6
12/12/2020	2020	347	347	1.349	3.65	19	10.52	8.7	13.1	3.5	87	96	64	0
12/13/2020	2020	348	348	0.478	4.93	138	14.47	8.9	12.9	3.8	93	97	84	17.78
12/14/2020	2020	349	349	2.844	2.29	269	6.73	6.5	14.2	0.4	80	96	41	0
12/15/2020	2020	350	350	1.805	1.36	311	4.25	7	13.1	1.3	81	97	50	0.25
12/16/2020	2020	351	351	2.162	1.81	85	5.65	7.2	12.2	0.6	84	95	65	0
12/17/2020	2020	352	352	2.404	3.36	327	14.11	10.5	14.7	5.6	80	96	48	9.4
12/18/2020	2020	353	353	2.805	2.99	353	11.17	8.3	14.3	0.5	62	94	40	0
12/19/2020	2020	354	354	2.282	1.93	342	5.23	4.9	13.4	-0.6	90	98	61	0
12/20/2020	2020	355	355	2.315	1.5	82	4.74	3.6	12	-1.1	92	100	64	0.25
12/21/2020	2020	356	356	0.811	1.64	90	5.49	3.3	5.7	0.3	100	100	96	0.25
12/22/2020	2020	357	357	2.366	3.98	344	12.05	6.6	15.3	1	76	100	30	0
12/23/2020	2020	358	358	2.685	4.06	56	9.38	4	9.9	-1.8	81	100	37	0
12/24/2020	2020	359	359	1.713	2.16	42	4.9	4.9	9.9	2	93	100	61	0
12/25/2020	2020	360	360	0.732	2.32	116	7.32	7.3	12	1.8	90	100	65	2.29
12/26/2020	2020	361	361	1.955	3.53	229	9.18	10.6	16.4	5.5	79	97	44	0
12/27/2020	2020	362	362	2.331	3	340	8.72	7.7	13.2	3.2	78	96	48	0
12/28/2020	2020	363	363	1.961	3.26	314	12.02	8.4	13.5	2.4	80	97	53	1.27
12/29/2020	2020	364	364	2.94	3.06	286	10.98	7.3	16.8	0.1	58	97	21	0
12/30/2020	2020	365	365	2.626	2.78	166	9.24	6.4	14.2	-2.1	79	97	44	0.25
12/31/2020	2020	366	366	2.749	4.43	293	11.66	9.7	15.8	3.7	71	97	42	0.25
01/01/2021	2021	1	367	1.892	1.93	121	5.46	5	11.3	-1.6	88	100	64	0.25
01/02/2021	2021	2	368	0.685	2.08	357	6.47	8.5	9.8	6.6	95	99	88	0.76
01/03/2021	2021	3	369	1.626	2.53	192	7.02	9.6	14	6	93	100	75	0.25
01/04/2021	2021	4	370	1.094	4.85	180	14.99	10.3	15.6	6.5	89	99	64	5.84
01/05/2021	2021	5	371	2.432	2.73	306	8.17	6.6	14	1.5	89	98	59	0.25
01/06/2021	2021	6	372	1.743	1.42	200	8.04	5.8	13.8	-0.5	89	100	58	0.25
01/07/2021	2021	7	373	2.282	3.01	19	8.1	7.2	13.2	1.3	87	99	59	0
01/08/2021	2021	8	374	2.14	2.85	194	11.24	6.8	15.8	1.5	92	100	65	0.76
01/09/2021	2021	9	375	2.908	2.05	175	5.68	5.9	16.6	-0.5	82	100	34	0.25
01/10/2021	2021	10	376	1.392	2.44	351	6.7	5.3	11.8	-1.2	89	100	66	0
01/11/2021	2021	11	377	2.682	1.92	120	6.11	6.5	14.6	-0.9	85	100	51	0
01/12/2021	2021	12	378	1.108	1.37	151	4.57	8.6	14.6	4.1	86	97	63	0
01/13/2021	2021	13	379	2.677	4.01	264	7.58	13.1	18.9	7.4	81	93	65	0
01/14/2021	2021	14	380	3.035	1.61	98	5.55	9.1	16.3	2.7	88	100	62	0
01/15/2021	2021	15	381	1.946	1.68	354	5.13	8.2	16.9	2.9	92	100	60	0.25
01/16/2021	2021	16	382	2.971	2	246	5.13	12.7	23	5.2	73	98	33	0
01/17/2021	2021	17	383	3.12	2.69	22	9.15	12.2	21.9	2.9	69	100	35	0
01/18/2021	2021	18	384	3.321	11.62	338	22.18	17.6	23.3	9.5	24	81	10	0
01/19/2021	2021	19	385	3.279	10.25	338	19.37	13.7	18.6	10.4	22	30	15	0
01/20/2021	2021	20	386	3.258	2.75	307	9.51	10.6	20	0.9	38	78	15	0
01/21/2021	2021	21	387	2.832	2.17	233	10.09	7.3	17.2	-1.9	61	89	27	0
01/22/2021	2021	22	388	1.932	3.99	200	9.9	8.4	12.3	3.9	82	98	55	0
01/23/2021	2021	23	389	2.907	3.12	303	6.34	7.7	15.3	2.7	80	98	36	0
01/24/2021	2021	24	390	1.059	5.11	206	10.22	6.7	10.4	3.4	86	98	61	2.79
01/25/2021	2021	25	391	3.077	3.94	249	9.64	5.4	12.6	-0.6	63	88	27	0
01/26/2021	2021	26	392	1.851	7.92	165	29.6	4.9	10.2	-1.7	73	91	44	9.65
01/27/2021	2021	27	393	1.225	11.79	121	29.76	7.1	9.2	4.8	89	97	82	20.07
01/28/2021	2021	28	394	1.186	5.72	124	12.51	8.9	11.2	7.3	91	95	81	6.6
01/29/2021	2021	29	395	2.178	2.07	135	7.51	7.8	12.6	5.1	87	98	57	12.19
01/30/2021	2021	30	396	3.385	1.55	69	5.19	9.1	14.4	4.7	80	95	50	0
01/31/2021	2021	31	397	2.991	1.41	36	3.69	11.4	16.7	5.8	76	95	47	0
02/01/2021	2021	32	398	3.382	3.86	230	11.24	11.9	19.3	3.3	75	98	38	0.76
02/02/2021	2021	33	399	2.363	3.9	194	7.87	11.6	16.3	5.9	84	98	52	7.37
02/03/2021	2021	34	400	2.346	4.92	222	10.29	8.4	14.2	2.5	80	95	55	0
02/04/2021	2021	35	401	3.822	5.95	334	14.11	10.5	16.6	5.1	47	75	29	0
02/05/2021	2021	36	402	3.918	1.55	302	7.74	8.8	17.7	1	68	93	41	0
02/06/2021	2021	37	403	3.945	2.12	280	6.57	9	18.2	1.7	73	96	37	0
02/07/2021	2021	38	404	3.905	2.18	36	5.59	8.9	19.4	1.1	76	97	37	0
02/08/2021	2021	39	405	3.122	2.01	351	6.11	9.2	16.7	1.7	81	98	52	0
02/09/2021	2021	40	406	2.416	5	216	9.7	12.2	17.2	9.7	75	91	49	0
02/10/2021	2021	41	407	3.874	5.33	217	9.6	12	18.6	7.3	73	90	48	0
02/11/2021	2021	42	408	1.178	5.46	192	12.22	10.4	12.7	8.4	83	96	63	9.14
02/12/2021	2021	43	409	3.757	5.03	225	11.89	10.9	16.5	5.4	76	92	47	0
02/13/2021	2021	44	410	3.921	5.85	230	12.41	12	17.9	5.5	69	96	29	0
02/14/2021	2021	45	411	1.64	3.04	199	6.7	9.2	12.8	4.5	75	95	49	0
02/15/2021	2021	46	412	2.437	6.01	183	13.2	11.5	16	7.5	85	96	69	0
02/16/2021	2021	47	413	3.122	3.74	215	7.55	8.9	15.1	2.4	76	94	46	0
02/17/2021	2021	48	414	4.408	5.92	292	15.45	9.9	16.3	3.3	50	94	19	0
02/18/2021	2021	49	415	3.649	2.18	9	5.72	9.4	16.4	1	54	76	32	0
02/19/2021	2021	50	416	2.258	3.44	246	12.25	10.2	14.3	8.2	84	98	52	0.76
02/20/2021	2021	51	417	4.508	5	256	12.12	9.3	14.8	3.8	67	89	39	0.25
02/21/2021	2021	52	418	4.506	3.81	339	12.32	11.1	18.8	3.8	52	80	26	0
02/22/2021	2021	53	419	4.68	2.52	40	9.93	11.3	19.9	2.9	63	94	29	0
02/23/2021	2021	54	420	4.799	7.04	316	20.51	15.9	24.9	4.7	36	89	9	0
02/24/2021	2021	55	421	5.017	10.82	327	21.92	15	18.9	10.4	20	31	12	0
02/25/2021	2021	56	422	4.905	5.56	309	15.19	11.6	20.1	4.2	34	91	12	0
02/26/2021	2021	57	423	4.887	3.33	210	8.4	9.9	19.1	1	68	95	33	0
02/27/2021	2021	58	424	4.98	5.33	282	14.96	9.8	17.7	1.8	48	88	17	0
02/28/2021	2021	59	425	5.028	4.44	360	12.71	11.5	18.3	3.4	39	78	23	0
03/01/2021	2021	60	426	4.979	1.55	290	6.4	9.1	20.8	-0.9	60	92	21	0
03/02/2021	2021	61	427	4.463	2.92	0	9.08	10.6	20.7	3.2	55	89	22	0
03/03/2021	2021	62	428	3.064	5.79	223	15.32	10	18.5	1.6	68	92	34	0
03/04/2021	2021	63	429	5.027	4.03	208	12.67	10	18.2	3	71	93	41	0
03/05/2021	2021	64	430	5.133	5.03	209	15.39	11.6	18.6	3.8	71	94	43	0.51
03/06/2021	2021	65	431	5.205	4.47	224	12.15	9.9	16.5	4.9	71	90	39	2.03
03/07/2021	2021	66	432	5.24	4	220	11.53	10	17.9	2.4	65	89	33	0
03/08/2021	2021	67	433	3.943	6.37	218	15.22	9.2	14.3	3.9	64	89	41	0
03/09/2021	2021	68	434	3.437	3.51	173	11.92	8.5	14.4	2.8	76	94	45	2.79
03/10/2021	2021	69	435	3.327	3.25	136	9.11	7.3	12.8	2.4	79	94	46	4.32
03/11/2021	2021	70	436	4.911	3.94	315	8.53	7.8	14.6	2.1	74	97	40	0
03/12/2021	2021	71	437	5.6	3.52	284	9.64	10.7	20.5	0.5	56	88	16	0
03/13/2021	2021	72	438	5.516	9.67	219	16.82	10	16.1	6.3	73	92	49	0
03/14/2021	2021	73	439	3.328	5.07	199	12.81	9.6	14.8	4.6	73	95	51	5.84
03/15/2021	2021	74	440	3.696	5.09	254	11.34	6.3	11.3	1.6	72	88	48	1.27
03/16/2021	2021	75	441	5.429	3.6	204	9.15	7.4	15.3	0.7	71	93	42	0
03/17/2021	2021	76	442	3.127	2.58	212	6.92	7.7	14.1	0.3	77	96	54	0
03/18/2021	2021	77	443	1.901	2.34	200	6.21	10.6	13.2	7.9	86	95	69	7.37
03/19/2021	2021	78	444	3.85	4.37	211	10	11.5	16.9	6.8	77	96	34	0
03/20/2021	2021	79	445	5.973	3.76	229	9.21	9.5	16.4	3.7	69	93	33	0
03/21/2021	2021	80	446	6.001	5.54	257	14.7	11.3	20.2	2.8	59	94	16	0
03/22/2021	2021	81	447	5.194	6.16	223	12.67	11.6	18.8	6.4	66	88	33	0
03/23/2021	2021	82	448	6.183	9.85	324	22.08	13.3	18.9	6.3	36	81	19	0
03/24/2021	2021	83	449	5.521	5.96	285	11.43	13.8	21	8.6	37	79	16	0
03/25/2021	2021	84	450	5.781	5.32	233	10.94	11.9	18.6	5.6	62	88	35	0
03/26/2021	2021	85	451	6.353	7.01	309	15.65	14.3	22.8	6.1	37	75	14	0
03/27/2021	2021	86	452	6.325	3.18	245	7.51	14.5	24.5	4.2	52	89	26	0
03/28/2021	2021	87	453	6.318	3.92	239	10.49	15.1	26	4.4	51	89	16	0
03/29/2021	2021	88	454	6.324	7.29	293	13.65	15.4	22.2	8.5	42	84	13	0
03/30/2021	2021	89	455	6.582	10.46	327	17.61	18.7	25.1	12.7	16	22	11	0
03/31/2021	2021	90	456	6.499	3.6	10	9.96	16.7	26.4	6.8	35	76	17	0
04/01/2021	2021	91	457	6.538	2.73	293	7.09	17.1	28.9	4.6	45	86	16	0
04/02/2021	2021	92	458	6.386	6.83	214	16.33	16	25.9	8.3	49	82	12	0
04/03/2021	2021	93	459	6.084	10.01	224	16.99	11.8	18.2	7.8	64	84	42	0
04/04/2021	2021	94	460	5.924	5.42	226	12.71	12.2	19	7.6	66	86	39	0
04/05/2021	2021	95	461	6.223	7.84	216	14.54	12.2	18.5	8.1	69	89	47	0
04/06/2021	2021	96	462	6.637	7.17	218	14.8	13.1	22.8	7.4	68	90	32	0
04/07/2021	2021	97	463	6.672	10.4	219	17.97	11.9	20.1	7.5	64	88	35	0
04/08/2021	2021	98	464	6.752	5.51	227	12.18	14	23.4	5.6	59	89	29	0
04/09/2021	2021	99	465	6.637	8.86	213	15.39	13.7	21.9	8.2	61	83	36	0
04/10/2021	2021	100	466	6.756	6.15	226	15.42	14.4	24.2	6.2	58	88	28	0
04/11/2021	2021	101	467	6.822	5.32	223	12.38	16.4	27.1	7.8	54	87	18	0
04/12/2021	2021	102	468	6.855	6.19	227	12.18	16.5	27.6	8.4	54	87	16	0
04/13/2021	2021	103	469	6.903	9.15	220	14.83	13.5	22	7.9	61	88	29	0
04/14/2021	2021	104	470	6.839	5.52	230	13.88	14	22.2	7	56	88	26	0
04/15/2021	2021	105	471	7.098	5.88	219	10.71	14.2	23	6.7	57	92	15	0
04/16/2021	2021	106	472	6.918	7.55	216	13.95	14.6	24.7	6.5	58	87	29	0
04/17/2021	2021	107	473	7.236	5.75	259	13.69	18	29.7	7.7	46	88	9	0
04/18/2021	2021	108	474	7.407	5.53	244	12.15	19.4	31.6	7.1	44	91	8	0
04/19/2021	2021	109	475	7.111	7.96	214	14.73	17.2	26.9	10.2	53	79	31	0
04/20/2021	2021	110	476	6.994	9.44	214	14.63	15	21.6	10.4	59	80	37	0
04/21/2021	2021	111	477	6.778	9.13	222	16.1	14.8	23.2	9.5	64	87	34	0
04/22/2021	2021	112	478	7.131	11.13	222	18.39	12.4	18.4	9.2	72	88	50	0
04/23/2021	2021	113	479	6.823	8.04	219	18.13	13.6	21.7	8.6	66	88	40	0
04/24/2021	2021	114	480	5.486	8.53	225	15.26	13.2	19.6	9	63	80	36	0
04/25/2021	2021	115	481	4.522	6.17	209	13.56	11.9	16.1	7.5	66	84	46	0.25
04/26/2021	2021	116	482	6.083	4.48	223	11.56	11.6	19.1	4.9	61	92	30	0
04/27/2021	2021	117	483	7.603	5.31	250	12.74	15.9	25.6	4.8	47	88	13	0
04/28/2021	2021	118	484	7.695	4.14	243	10.81	19.1	30.1	7.7	43	90	14	0
04/29/2021	2021	119	485	7.518	4.97	205	11.76	20.3	31.3	11.6	44	74	15	0
04/30/2021	2021	120	486	6.817	8.09	219	15.42	17.2	27.9	10.7	55	81	20	0
05/01/2021	2021	121	487	7.533	10.02	217	16.76	16.8	25.8	10.2	62	87	40	0
05/02/2021	2021	122	488	7.751	7.21	249	17.35	19.6	28.8	10.5	44	74	12	0
05/03/2021	2021	123	489	7.726	8.52	310	18.69	23.9	31.3	14.6	25	65	7	0
05/04/2021	2021	124	490	7.592	4.63	226	10.85	23	31.9	14.7	41	68	17	0
05/05/2021	2021	125	491	7.619	5.43	236	16.63	21	33.9	10.3	51	84	15	0
05/06/2021	2021	126	492	7.385	10.18	216	15.81	16.4	26.2	9.2	59	85	27	0
05/07/2021	2021	127	493	7.685	5.9	224	12.05	17.6	26.4	10.2	52	77	28	0
05/08/2021	2021	128	494	7.841	9.97	319	21.07	23.6	30.6	15.6	17	41	9	0
05/09/2021	2021	129	495	7.711	7.52	284	16.59	23.7	30.6	14.9	29	66	11	0
05/10/2021	2021	130	496	8.081	7.04	286	18	23.2	31.9	13	30	75	9	0
05/11/2021	2021	131	497	7.996	4.79	244	10.13	22.9	34	12.7	36	67	9	0
05/12/2021	2021	132	498	7.884	7.13	214	12.64	20.2	31.7	11.6	48	77	13	0
05/13/2021	2021	133	499	7.652	9.95	218	16.1	16.1	26.2	9	63	90	30	0
05/14/2021	2021	134	500	7.469	10.99	218	20.42	15.4	23.7	9.8	65	89	40	0
05/15/2021	2021	135	501	7.392	8.69	214	21.23	14.6	21.3	10.9	65	80	44	0
05/16/2021	2021	136	502	6.945	11.54	220	18.13	14.4	21.4	10.3	68	84	44	0
05/17/2021	2021	137	503	7.411	10.74	219	18.29	14.6	21.6	9.7	66	85	43	0
05/18/2021	2021	138	504	8.012	9.5	215	17.08	17.6	27.1	10.1	49	83	20	0
05/19/2021	2021	139	505	8.063	10.35	213	17.57	15.4	22.9	9.8	46	73	25	0
05/20/2021	2021	140	506	7.711	5.36	242	16.37	14.2	21.2	6.1	37	64	17	0
05/21/2021	2021	141	507	8.131	6.92	277	16.82	16.1	23.1	5.9	36	67	15	0
05/22/2021	2021	142	508	7.639	6.32	236	15.29	16.3	24.5	7.7	52	90	24	0
05/23/2021	2021	143	509	7.988	7.04	212	12.64	16.7	24.5	10	55	82	33	0
05/24/2021	2021	144	510	7.934	7.38	215	15.22	19.3	29.1	11.4	52	84	22	0
05/25/2021	2021	145	511	8.17	7.51	209	13.85	19.4	26	14.2	52	75	31	0
05/26/2021	2021	146	512	8.087	6.27	223	13.62	19.7	30.2	11.1	50	83	17	0
05/27/2021	2021	147	513	8.163	9.08	214	15.09	19	28.7	10.5	54	78	24	0
05/28/2021	2021	148	514	7.936	7.86	224	15.06	19.1	29	12.1	58	82	31	0
05/29/2021	2021	149	515	7.915	11.1	219	16.95	16.7	26.3	10.5	61	84	35	0
05/30/2021	2021	150	516	8.114	6.87	220	13.43	21.6	34.6	11.1	51	85	21	0
05/31/2021	2021	151	517	8.09	5.92	236	13	25.1	38.6	13.9	43	74	17	0
06/01/2021	2021	152	518	8.054	10.26	219	15.81	22.1	31.3	13.7	47	75	26	0
06/02/2021	2021	153	519	8.176	10.37	217	16.04	19.1	30.8	11	60	87	28	0
06/03/2021	2021	154	520	8.191	8.05	221	15.65	21.6	33.9	12	54	86	24	0
06/04/2021	2021	155	521	8.166	10.69	216	16.33	20.8	30.3	14.4	51	69	30	0
06/05/2021	2021	156	522	8.052	7.98	217	15.71	21	31.2	12.1	48	75	25	0
06/06/2021	2021	157	523	8.304	10.27	218	16.46	20.2	29.1	13	46	73	22	0
06/07/2021	2021	158	524	8.293	10.77	211	19.31	17.1	24.1	11.8	48	69	25	0
06/08/2021	2021	159	525	8.512	10.02	220	17.08	15.1	21.5	9.7	54	84	26	0
06/09/2021	2021	160	526	8.438	9.81	221	17.71	14.8	20.9	9.4	53	79	28	0
06/10/2021	2021	161	527	8.482	6.06	230	13.98	15.8	24.5	8.8	52	83	23	0
06/11/2021	2021	162	528	8.139	8.74	219	15.06	18.3	25.8	10.9	49	75	22	0
06/12/2021	2021	163	529	8.147	6.9	222	14.83	22.1	31.1	15.5	60	85	33	0
06/13/2021	2021	164	530	8.25	9.5	221	16.2	21.6	29.1	16	63	86	32	0
06/14/2021	2021	165	531	8.143	8.64	220	15.29	20.5	27.3	14.7	58	90	18	0
06/15/2021	2021	166	532	8.585	5.47	236	11.24	21.5	31.6	12.1	45	74	15	0
06/16/2021	2021	167	533	8.315	3.85	198	8.23	26.1	36.1	15.3	37	71	16	0
06/17/2021	2021	168	534	8.487	4.47	234	9.96	29.4	41.1	15.6	33	74	12	0
06/18/2021	2021	169	535	8.296	5.28	239	12.94	28.9	42	17.4	32	62	7	0
06/19/2021	2021	170	536	8.359	8.92	224	15.32	25.6	35.6	16.6	38	64	12	0
06/20/2021	2021	171	537	8.608	9.94	221	17.38	22.8	34.1	14.5	48	75	14	0
06/21/2021	2021	172	538	8.441	11.97	219	17.51	18.8	26.9	13.3	61	81	32	0
06/22/2021	2021	173	539	8.362	10.16	223	15.61	19.4	26	14.6	60	79	41	0
06/23/2021	2021	174	540	8.381	9.85	219	15.39	19.9	27.8	13.8	58	79	34	0
06/24/2021	2021	175	541	8.411	10.84	218	16.33	19.3	27.9	12.9	59	82	33	0
06/25/2021	2021	176	542	8.316	11.32	217	17.12	19.5	30.8	12.3	64	89	31	0
06/26/2021	2021	177	543	8.361	8.99	220	17.51	21.9	33.6	13.3	57	85	27	0
06/27/2021	2021	178	544	8.275	10.98	216	17.71	20.4	29.9	14.1	61	84	34	0
06/28/2021	2021	179	545	8.454	12.46	217	20.19	20.3	29.4	13.7	63	88	37	0
06/29/2021	2021	180	546	8.422	8.99	213	14.73	23.3	33.2	15.2	54	82	29	0
06/30/2021	2021	181	547	8.281	11.16	217	17.02	20.6	27.9	14.9	61	83	39	0
07/01/2021	2021	182	548	8.307	10.74	222	16.69	19.7	27.8	14.3	66	86	40	0
07/02/2021	2021	183	549	8.447	9.35	220	15.16	20.6	31.5	13.1	63	90	30	0
07/03/2021	2021	184	550	7.869	10.6	219	15.88	20.1	30.5	13	63	88	29	0
07/04/2021	2021	185	551	8.378	11.75	218	16.27	20.1	30.2	13.6	62	88	30	0
07/05/2021	2021	186	552	8.5	11.25	218	16.59	19.5	30.6	12.8	64	89	28	0
07/06/2021	2021	187	553	8.374	11.03	222	17.41	19.3	29.6	12.2	61	90	31	0
07/07/2021	2021	188	554	8.618	9.76	220	15.91	20.4	30.2	12.3	58	88	31	0
07/08/2021	2021	189	555	8.687	5.5	231	11.89	24.9	38.4	12.9	46	85	12	0
07/09/2021	2021	190	556	7.873	6.06	227	13.39	28.8	40.6	19.6	32	53	8	0
07/10/2021	2021	191	557	8.15	7.33	214	12.54	28	41.4	17.4	36	63	11	0
07/11/2021	2021	192	558	8.38	11.32	216	18.29	22.6	32.8	14.4	48	76	25	0
07/12/2021	2021	193	559	8.245	11.32	219	18.88	19.1	29.4	12.3	61	85	33	0
07/13/2021	2021	194	560	7.9	11.52	223	17.35	17.6	25.9	12	65	86	37	0
07/14/2021	2021	195	561	7.058	10.31	226	17.25	18.5	28.4	11.8	63	90	32	0
07/15/2021	2021	196	562	7.472	9.94	218	16.04	17.6	27.6	11.8	65	88	34	0
07/16/2021	2021	197	563	8.051	7.83	222	13.36	19.9	31	11.7	60	90	26	0
07/17/2021	2021	198	564	8.33	6.53	217	12.87	22.9	34.5	13.1	52	88	21	0
07/18/2021	2021	199	565	7.693	5.97	221	10.52	24.9	36.8	15.7	45	74	15	0
07/19/2021	2021	200	566	7.452	8.49	222	16.2	23.9	34	14.8	45	77	21	0
07/20/2021	2021	201	567	8.308	10.34	216	15.45	20.9	30.4	13.5	55	83	29	0
07/21/2021	2021	202	568	8.37	8.4	217	15.03	22.9	33.1	14.6	47	74	18	0
07/22/2021	2021	203	569	3.682	8.02	221	14.05	23.8	33	15.4	44	68	22	0
07/23/2021	2021	204	570	8.244	6.77	223	13.33	23.1	36.4	13.5	48	80	14	0
07/24/2021	2021	205	571	7.997	8.85	221	14.11	23.1	34.8	13.8	47	80	18	0
07/25/2021	2021	206	572	7.393	10.45	217	16.46	22.2	33.1	13.2	48	81	20	0
07/26/2021	2021	207	573	5.391	10.85	224	17.05	19.3	25.7	13.4	57	84	36	0
07/27/2021	2021	208	574	6.591	4.95	267	10.36	24.6	34.4	16.1	40	68	16	0
07/28/2021	2021	209	575	7.508	7.32	217	14.14	25.2	37.5	16.2	46	71	18	0
07/29/2021	2021	210	576	7.698	7.97	214	14.08	25.3	36.9	16.5	48	76	22	0
07/30/2021	2021	211	577	7.693	9.96	216	15.75	24.2	37.6	16.8	48	73	15	0
07/31/2021	2021	212	578	7.784	11.9	218	17.74	21.4	31.3	14.6	57	81	31	0
08/01/2021	2021	213	579	6.329	10.69	216	16.82	20.8	31.4	14	56	83	22	0
08/02/2021	2021	214	580	8.009	8.98	214	15.52	21.6	33.7	13.5	48	78	10	0
08/03/2021	2021	215	581	8.227	7.15	217	12.77	22.6	35.9	12.6	50	84	12	0
08/04/2021	2021	216	582	8.041	10.01	215	16.69	19.9	31.5	13.3	60	86	26	0
08/05/2021	2021	217	583	6.279	10.83	218	18.39	19.2	27.2	13.6	64	88	37	0
08/06/2021	2021	218	584	6.126	5.73	218	11.5	23.6	34.4	14.5	55	89	23	0
08/07/2021	2021	219	585	5.334	6.12	219	13.52	22.2	31.5	15.6	56	80	26	0
08/08/2021	2021	220	586	7.297	8.88	220	13.65	21.2	30.6	14.1	62	91	34	0
08/09/2021	2021	221	587	3.998	8.12	222	14.11	22	33.2	14.6	52	83	13	0
08/10/2021	2021	222	588	5.025	6.51	222	14.54	24.7	37.4	14.6	42	74	13	0
08/11/2021	2021	223	589	7.278	8.27	217	15.55	24.6	34.8	16.6	44	72	17	0
08/12/2021	2021	224	590	6.431	10.17	215	17.41	22	33	15.4	53	78	27	0
08/13/2021	2021	225	591	6.201	9.7	219	17.38	21.8	29.9	15.1	54	77	33	0
08/14/2021	2021	226	592	7.009	8.49	216	17.02	23.9	35.9	16.5	53	78	24	0
08/15/2021	2021	227	593	6.366	8.33	215	14.99	23.6	33.6	16.4	56	80	31	0
08/16/2021	2021	228	594	6.939	9.11	218	15.52	24.5	35.3	16.6	50	78	22	0
08/17/2021	2021	229	595	6.202	9.75	218	14.86	20.8	29.5	15.5	56	73	34	0
08/18/2021	2021	230	596	5.434	7.48	232	14.18	20.6	29	14.4	55	82	19	0
08/19/2021	2021	231	597	5.764	8.86	217	14.73	20.2	28.1	15.3	61	82	37	0
08/20/2021	2021	232	598	5.636	7.45	216	15.84	19	27.7	13.1	67	89	34	0
08/21/2021	2021	233	599	5.517	10.01	223	15.35	17.4	22.2	13.9	70	84	52	0
08/22/2021	2021	234	600	7.052	7.71	219	13.16	18.6	27.7	12.8	67	89	36	0
08/23/2021	2021	235	601	6.9	9.08	219	14.77	17.9	26.2	12.4	67	90	35	0
08/24/2021	2021	236	602	6.762	9.05	225	16.24	18.4	28.5	11.5	58	86	18	0
08/25/2021	2021	237	603	7.21	8.21	218	14.7	19.2	30.1	12	55	84	14	0
08/26/2021	2021	238	604	7.065	4.46	244	9.34	22.8	35	12.9	49	87	15	0
08/27/2021	2021	239	605	6.381	3.87	237	10.26	26	37.4	13.9	40	77	15	0
08/28/2021	2021	240	606	5.179	3.33	250	7.51	26	37.7	15	42	70	13	0
08/29/2021	2021	241	607	6.764	6.52	214	12.25	25.7	38.3	16.6	43	74	15	0
08/30/2021	2021	242	608	6.5	7.9	217	13.16	23	35.8	14.3	51	84	16	0
08/31/2021	2021	243	609	6.901	10.18	220	16.63	20.2	28.8	14	56	78	30	0
09/01/2021	2021	244	610	6.905	10.54	222	17.05	16.4	22.7	12.3	67	85	44	0
09/02/2021	2021	245	611	6.333	6.67	223	12.45	17.4	26.7	11.1	63	83	31	0
09/03/2021	2021	246	612	5.904	5.57	218	10.62	19.6	32	11.2	60	90	18	0
09/04/2021	2021	247	613	5.912	4.34	226	8.85	22	34.9	11.5	51	88	12	0
09/05/2021	2021	248	614	6.924	4.16	232	8.26	24.3	37.1	13.5	40	74	6	0
09/06/2021	2021	249	615	5.72	3.24	247	6.99	26.2	39.2	14.6	33	67	9	0
09/07/2021	2021	250	616	6.511	6.36	216	13.1	26.8	37.2	16.8	36	71	11	0
09/08/2021	2021	251	617	6.294	5.64	209	11.63	26.9	39.5	18.5	42	68	18	0
09/09/2021	2021	252	618	5.615	8.77	214	15.26	23.9	33.3	17.7	47	70	20	0
09/10/2021	2021	253	619	6.184	8.55	216	16.92	21	29.6	16	62	88	34	0.51
09/11/2021	2021	254	620	6.564	4.98	222	9.77	22.6	33.4	14.1	53	83	22	0
09/12/2021	2021	255	621	6.475	5.02	218	10	24.1	35.2	15.3	47	77	19	0
09/13/2021	2021	256	622	6.317	4.61	228	9.21	24.1	35.4	15.6	46	76	18	0
09/14/2021	2021	257	623	6.151	5.65	219	12.45	23.3	36.6	14.2	49	76	16	0
09/15/2021	2021	258	624	6.196	10.74	220	17.08	18.1	27.9	13	64	84	31	0
09/16/2021	2021	259	625	6.061	9.13	222	15.71	17	24.5	12.7	70	88	42	0
09/17/2021	2021	260	626	6.081	8.46	222	14.86	17.1	26.6	12	68	88	35	0
09/18/2021	2021	261	627	6.075	9.38	220	15.22	17.9	23.4	13.4	71	83	52	0
09/19/2021	2021	262	628	5.956	4.91	246	9.67	20.2	26.8	13.9	57	88	25	0
09/20/2021	2021	263	629	6.157	6.12	313	15.65	22.9	31.9	14.7	32	78	14	0
09/21/2021	2021	264	630	4.829	2.54	20	8.69	22.8	34.3	11.2	40	66	20	0
09/22/2021	2021	265	631	5.837	6.22	211	10.94	23.9	34.6	15.1	45	72	15	0
09/23/2021	2021	266	632	5.664	5.14	252	10.45	23.6	36	11.8	45	86	11	0
09/24/2021	2021	267	633	5.446	5.28	214	11.27	23.4	35.1	15.1	48	77	16	0
09/25/2021	2021	268	634	5.16	9.88	217	19.21	18.6	28.1	13.2	63	85	33	0
09/26/2021	2021	269	635	5.564	10.91	220	16.89	17	24.6	13.4	66	82	42	0
09/27/2021	2021	270	636	5.531	9.58	221	15.39	18.3	24.9	13.7	71	89	46	0
09/28/2021	2021	271	637	2.016	5.26	263	13.92	17.3	26.4	10.2	47	78	10	0
09/29/2021	2021	272	638	5.661	5.37	231	10.03	18.9	28.7	10.8	47	79	14	0
09/30/2021	2021	273	639	5.472	2.35	33	7.74	19.3	30	7.7	40	67	16	0
10/01/2021	2021	274	640	5.469	2.1	38	5.16	19.7	31.1	8.2	41	68	17	0
10/02/2021	2021	275	641	5.365	2.02	16	5.26	20.7	32.5	9.4	39	67	15	0
10/03/2021	2021	276	642	2.219	2	74	5.36	20.1	30.9	9.8	41	69	18	0
10/04/2021	2021	277	643	3.616	2.73	223	8.36	20.6	33	9	42	73	12	0
10/05/2021	2021	278	644	4.769	8.67	220	14.31	17.9	26.2	12.8	55	82	30	0
10/06/2021	2021	279	645	4.421	7.34	218	13.33	16.5	23.1	11.7	63	88	31	0
10/07/2021	2021	280	646	4.516	6.76	217	13.13	15.2	21.1	10.7	61	79	29	0
10/08/2021	2021	281	647	5	7.66	210	12.84	14	19.6	10.6	63	79	37	0
10/09/2021	2021	282	648	5.094	4.43	272	9.21	15	23.8	7.6	58	84	24	0
10/10/2021	2021	283	649	5.073	3.93	217	11.99	17.2	27.1	6.8	54	87	23	0
10/11/2021	2021	284	650	4.676	9.55	304	23.62	15.3	20.1	7.5	28	62	13	0
10/12/2021	2021	285	651	4.953	8.12	308	17.8	14.4	21.1	8.7	27	63	8	0
10/13/2021	2021	286	652	4.267	3.82	203	7.91	14.4	22.3	9.1	54	83	26	0
10/14/2021	2021	287	653	4.837	4.78	293	14.28	15.3	25.1	6.3	43	90	15	0
10/15/2021	2021	288	654	4.766	1.81	344	6.08	15.1	25.8	5.1	43	71	20	0
10/16/2021	2021	289	655	4.703	2.22	353	5.65	15.8	27.9	5.1	38	58	18	0
10/17/2021	2021	290	656	3.893	7.36	218	16.17	14.5	22.4	9	56	86	32	0
10/18/2021	2021	291	657	4.594	3.58	220	10.09	11.6	18.1	5.9	65	89	37	0
10/19/2021	2021	292	658	4.097	2.38	162	8.4	12.1	19.8	1.7	62	91	34	0
10/20/2021	2021	293	659	1.502	1.97	329	6.4	14.6	18.3	11.3	76	93	51	5.33
10/21/2021	2021	294	660	2.395	3.08	254	9.73	16.7	21.7	13.8	88	95	69	3.81
10/22/2021	2021	295	661	3.329	6.48	210	13.95	15.8	18.7	13.2	75	92	53	3.81
10/23/2021	2021	296	662	2.235	4.19	200	8.53	14.2	17.7	11.2	80	92	56	8.89
10/24/2021	2021	297	663	0.199	7.93	160	16.95	14.3	16.8	12.3	92	95	86	118.6
10/25/2021	2021	298	664	4.06	5.45	214	12.54	14	17.4	11.4	78	93	53	6.1
10/26/2021	2021	299	665	2.621	3	197	7.32	14.5	17.8	10.9	75	90	52	0
10/27/2021	2021	300	666	4.013	3.6	272	7.94	16.4	20.9	12.7	80	91	64	0
10/28/2021	2021	301	667	4.149	1.72	11	6.17	16	21.9	11.1	83	96	61	0
10/29/2021	2021	302	668	2.86	1.86	13	10.19	15.4	23.6	10.8	87	98	51	0.25
10/30/2021	2021	303	669	3.051	7.34	222	12.67	15.1	18.9	10.8	81	90	63	0
10/31/2021	2021	304	670	2.875	2.72	213	6.08	13.8	18.6	9	79	93	54	0
11/01/2021	2021	305	671	1.004	2.47	165	8.07	14.7	16.5	12.5	87	94	74	3.81
11/02/2021	2021	306	672	3.056	1.68	316	4.7	16.1	19.7	11.8	81	94	58	0
11/03/2021	2021	307	673	3.775	1.6	201	5.46	15.6	22.1	10.3	76	94	46	0
11/04/2021	2021	308	674	3.434	4.28	209	8.85	15.8	19.8	11.7	78	92	54	0.76
11/05/2021	2021	309	675	3.106	3.73	217	8.95	13.3	17.8	8.8	79	93	47	0.25
11/06/2021	2021	310	676	1.484	3.4	211	7.35	13.3	17.2	9.9	77	90	53	0
11/07/2021	2021	311	677	3.657	2.95	272	8.1	10.5	16.3	5.9	65	89	37	0
11/08/2021	2021	312	678	2.944	2.09	28	9.73	10.9	15.6	5.3	70	92	42	14.22
11/09/2021	2021	313	679	0.878	5.74	131	16.43	13.3	16.2	10.9	85	93	76	6.35
11/10/2021	2021	314	680	2.459	2.01	321	4.96	14.1	18.2	11.8	85	98	65	0
11/11/2021	2021	315	681	3.401	1.52	104	5.33	13.2	19.6	8.6	86	96	59	0
11/12/2021	2021	316	682	1.279	0.96	22	2.68	11.2	13.7	8.9	97	98	95	0.25
11/13/2021	2021	317	683	1.938	1.59	72	5.06	11.9	16	10.2	94	98	75	0.25
11/14/2021	2021	318	684	0.752	1.96	36	4.8	11.4	12.4	10.4	97	98	91	0
11/15/2021	2021	319	685	0.647	1.46	107	7.19	11.9	13.3	10.9	94	98	84	0
11/16/2021	2021	320	686	2.474	2.65	1	7.81	12.5	18.7	6.6	87	98	56	0
11/17/2021	2021	321	687	3.108	1.85	61	4.83	-0.1	15.9	-39.5	19	99	1	0.51
11/18/2021	2021	322	688	1.557	1.66	335	6.4	10	13.7	5.6	1	1	1	0
11/19/2021	2021	323	689	1.327	3.3	317	8.23	12.6	15.2	9.6	1	1	1	0
11/20/2021	2021	324	690	3.253	3.33	316	11.37	12.8	19	5.7	1	1	1	0
11/21/2021	2021	325	691	3.223	3.11	21	8.07	10.3	17.6	4.2	1	1	1	0
11/22/2021	2021	326	692	3.165	1.32	17	4.28	8.7	16.8	2.2	1	1	1	0
11/23/2021	2021	327	693	2.376	3.91	318	15.06	9.9	16.5	2.6	1	1	1	0
11/24/2021	2021	328	694	3.164	6.72	352	19.24	11.7	17.5	3.7	1	1	1	0
11/25/2021	2021	329	695	2.68	1.6	4	4.18	7.4	15.3	0.3	1	1	1	0
11/26/2021	2021	330	696	2.913	1.4	174	3.98	9.4	18.9	3.1	1	1	1	0
11/27/2021	2021	331	697	2.745	1.42	60	3.14	9.9	18.3	4.2	1	1	1	0
11/28/2021	2021	332	698	2.751	1.82	348	4.54	10.7	18.5	5.7	1	1	1	0
11/29/2021	2021	333	699	2.77	1.53	348	5.1	10.2	19.4	3.8	1	1	1	0
11/30/2021	2021	334	700	2.616	1.35	12	4.77	9.4	18.5	4	1	1	1	0.25
12/01/2021	2021	335	701	2.376	1.22	37	3.56	9.8	19.6	4.6	1	1	1	0.25
12/02/2021	2021	336	702	2.379	1.13	26	4.61	9.8	18	3.4	1	1	1	0.25
12/03/2021	2021	337	703	1.834	4.76	215	9.15	10.3	14.5	6.7	1	1	1	0.25
12/04/2021	2021	338	704	1.136	3.01	244	8.82	8.3	13.4	3.7	1	1	1	0
12/05/2021	2021	339	705	1.01	1.1	332	3.63	7.8	11.1	3.1	1	1	1	0.51
12/06/2021	2021	340	706	0.423	1.35	18	3.98	7.8	9.4	3.8	1	1	1	0.51
12/07/2021	2021	341	707	2.12	2.27	55	5.75	9	13.3	3.9	1	1	1	0
12/08/2021	2021	342	708	0.573	2.23	111	6.86	9.3	10.9	3.7	1	1	1	1.02
12/09/2021	2021	343	709	2.011	3.63	231	8.62	9.4	14.3	3	1	1	1	0
12/10/2021	2021	344	710	2.616	2.46	260	9.8	6.1	12.8	1.1	1	1	1	0
12/11/2021	2021	345	711	2.561	1.5	146	4.9	5.7	13	-2	1	1	1	0
12/12/2021	2021	346	712	0.416	5.53	121	13.92	8.5	9.9	6.5	1	1	1	13.21
12/13/2021	2021	347	713	0.343	8.62	140	18.36	9.2	10.4	6.1	1	1	1	71.37
12/14/2021	2021	348	714	1.974	3.08	199	7.45	6.7	10.3	3.6	1	1	1	3.56
12/15/2021	2021	349	715	1.45	6.43	130	15.84	7.4	10.5	3.1	1	1	1	13.72
12/16/2021	2021	350	716	2.316	4.96	72	12.71	7.8	11.7	5.6	1	1	1	5.08
12/17/2021	2021	351	717	2.72	1.6	42	4.08	5.1	10.6	0.9	1	1	1	0.25
12/18/2021	2021	352	718	1.197	2.78	358	5.26	4.5	7.4	2.5	1	1	1	0
12/19/2021	2021	353	719	0.877	1.9	36	5.23	6	7.8	4.6	1	1	1	0
12/20/2021	2021	354	720	1.039	2.37	34	6.27	5.9	7.9	3.9	1	1	1	0
12/21/2021	2021	355	721	1.284	2.51	44	5.78	5.3	7	2.4	1	1	1	6.86
12/22/2021	2021	356	722	0.758	1.87	11	5.06	6.6	8	5.3	1	1	1	10.41
12/23/2021	2021	357	723	0.849	3.53	152	9.38	10.8	14.3	8.1	1	1	1	20.57
12/24/2021	2021	358	724	2.297	5.46	194	13.23	9.8	12.2	7	1	1	1	5.33
12/25/2021	2021	359	725	0.659	6.22	168	13.56	8.3	10.3	5.2	1	1	1	7.37
12/26/2021	2021	360	726	0.868	4.15	165	10.98	6	8.7	1.5	1	1	1	7.11
12/27/2021	2021	361	727	2.089	5.26	209	11.53	7.5	9.9	2.5	1	1	1	7.62
12/28/2021	2021	362	728	1.889	2.18	90	7.78	5.6	7.5	3.4	1	1	1	0.25
12/29/2021	2021	363	729	0.337	6.37	30	11.69	5.5	6.3	4.4	1	1	1	11.94
12/30/2021	2021	364	730	2.391	3.78	293	8.69	7	12.3	4.1	1	1	1	0
12/31/2021	2021	365	731	2.449	2.08	245	4.47	5.2	11.5	0.5	1	1	1	0
01/01/2022	2022	1	732	2.76	4	336	12.15	5.6	9.4	0.6	1	1	1	0
01/02/2022	2022	2	733	2.675	2.19	355	6.17	3.9	10.3	-0.1	1	1	1	0
01/03/2022	2022	3	734	1.159	3.77	117	9.6	7.3	11.4	1.1	1	1	1	2.29
01/04/2022	2022	4	735	1.473	3.4	172	8.23	10.9	14.8	7.4	1	1	1	0
01/05/2022	2022	5	736	2.419	4.47	243	10.85	11	15.1	8	1	1	1	0
01/06/2022	2022	6	737	0.739	1.25	73	4.12	-8.7	10.4	-39.5	1	1	1	0.25
01/07/2022	2022	7	738	1.51	3.78	176	8.04	10.2	14	7.1	1	1	1	0.25
01/08/2022	2022	8	739	1.826	2.68	310	6.76	8.3	13.5	3.7	1	1	1	0
01/09/2022	2022	9	740	1.877	2.63	14	6.66	6.8	12.5	3.5	1	1	1	0.25
01/10/2022	2022	10	741	2.746	2.57	353	7.74	8.6	15.4	3.8	1	1	1	0
01/11/2022	2022	11	742	2.443	1.13	322	4.05	7.9	14.2	2	1	1	1	0
01/12/2022	2022	12	743	2.577	1.54	30	4.38	8.5	14.8	3.3	1	1	1	0
01/13/2022	2022	13	744	2.321	1.13	297	3.98	9.2	14.8	4	1	1	1	0.25
01/14/2022	2022	14	745	2.817	3.15	355	12.45	8.8	18.1	1.9	1	1	1	0.25
01/15/2022	2022	15	746	1.655	1.55	66	3.27	5.7	10.9	1.9	1	1	1	0
01/16/2022	2022	16	747	2.548	2.15	358	7.19	8.4	14.6	4.1	1	1	1	0.25
01/17/2022	2022	17	748	2.381	1.15	59	4.57	8.3	14.9	2.6	1	1	1	0
01/18/2022	2022	18	749	2.696	1.86	239	6.08	8.3	15.9	2.2	1	1	1	0
01/19/2022	2022	19	750	2.88	1.76	222	4.57	8.5	17.2	3.3	1	1	1	0.25
01/20/2022	2022	20	751	2.708	1.02	357	4.7	8.4	16.9	1.5	1	1	1	0
01/21/2022	2022	21	752	2.739	9.32	323	20.45	12.5	17.2	3.4	1	1	1	0.25
01/22/2022	2022	22	753	3.078	7.3	2	19.7	11.1	17.9	-36.5	30	89	1	0
01/23/2022	2022	23	754	2.572	1.32	118	4.21	6.3	16.7	0.6	85	95	45	1.78
01/24/2022	2022	24	755	2.871	1.15	337	4.47	5.7	15.4	-1	86	95	53	0.25
01/25/2022	2022	25	756	3.412	2.62	242	10.36	7.7	18.4	-0.4	76	95	23	0.25
01/26/2022	2022	26	757	3.186	2.38	344	5.26	7.3	15	2.5	79	94	51	0
01/27/2022	2022	27	758	2.78	1.99	321	6.43	7.3	15.8	0.4	74	94	38	0.25
01/28/2022	2022	28	759	2.51	1.54	15	4.87	7.3	16.7	0.7	75	90	46	0
01/29/2022	2022	29	760	2.804	1.64	271	5.68	7.4	16.9	-0.5	72	93	36	0
01/30/2022	2022	30	761	2.727	1.69	287	6.53	6.6	14.8	-1.5	81	94	55	0
01/31/2022	2022	31	762	2.436	2.33	251	6.34	8.4	16	2.8	80	94	44	0
02/01/2022	2022	32	763	3.085	11.97	326	22.34	10.7	13.8	4.1	28	78	22	0
02/02/2022	2022	33	764	2.821	10.07	327	19.31	10.4	13.9	8.2	32	43	22	0
02/03/2022	2022	34	765	3.242	2.38	312	8.3	7.3	14.6	-0.5	60	88	33	0
02/04/2022	2022	35	766	3.583	1.92	32	5.06	6.9	16.4	-0.9	73	92	37	0
02/05/2022	2022	36	767	3.382	2.19	245	7.71	7.5	16.4	1.2	72	93	32	0
02/06/2022	2022	37	768	3.797	1.34	97	3.95	7.4	18.2	-0.8	75	94	35	0
02/07/2022	2022	38	769	3.762	2.54	344	6.11	9.3	19.8	3.4	74	90	39	0
02/08/2022	2022	39	770	3.86	2.36	298	9.24	9.2	19.1	0.9	74	95	36	0
02/09/2022	2022	40	771	3.457	2.05	44	5.91	9.8	20.4	1.3	74	94	38	0
02/10/2022	2022	41	772	3.922	3.3	88	8.2	11.5	21.8	3.5	71	93	38	0
02/11/2022	2022	42	773	3.974	1.54	222	4.51	12.1	22.5	3.3	76	93	42	0
02/12/2022	2022	43	774	3.969	1.51	20	4.7	11.9	21.7	3.8	77	94	47	0.25
02/13/2022	2022	44	775	4.05	1.96	6	5.95	12	22.4	4	72	94	36	0
02/14/2022	2022	45	776	3.711	8.84	215	17.35	10.2	14.3	5.7	80	94	63	0.25
02/15/2022	2022	46	777	4.262	7.96	304	17.87	9.7	15	2.3	47	86	27	0
02/16/2022	2022	47	778	4.273	6.95	327	17.31	13.6	20.1	5.5	38	63	25	0
02/17/2022	2022	48	779	4.421	4.66	357	12.77	11.3	17.9	3.8	50	86	26	0
02/18/2022	2022	49	780	4.43	1.19	333	3.53	8.9	19.2	-0.2	71	93	36	0
02/19/2022	2022	50	781	4.376	2.49	330	8.43	10.4	20.6	2	69	94	33	0
02/20/2022	2022	51	782	3.1	7.53	217	16.46	9.9	15.2	5.6	76	90	57	0
02/21/2022	2022	52	783	4.499	6.11	224	13.46	7.9	14.1	1.9	64	85	29	0
02/22/2022	2022	53	784	3.509	4.77	221	12.38	5.1	11.6	-0.8	70	90	38	0
02/23/2022	2022	54	785	4.744	5.65	299	14.93	5.1	11.6	-1	47	91	22	0
02/24/2022	2022	55	786	4.706	2.21	256	6.04	4.2	13.7	-3.3	59	88	19	0
02/25/2022	2022	56	787	4.796	2.33	230	7.91	5.7	15.6	-2.8	64	93	21	0
02/26/2022	2022	57	788	3.12	1.41	358	5.72	7.1	13.8	-1	69	92	36	0
02/27/2022	2022	58	789	4.708	2.29	277	5.98	10.1	20.2	0.6	59	88	27	0
02/28/2022	2022	59	790	4.806	2.68	238	8.2	11.5	21.5	1.5	64	92	32	0
03/01/2022	2022	60	791	4.634	3.65	188	8.82	13.3	22.1	6.7	68	90	37	0
03/02/2022	2022	61	792	4.279	4.54	202	9.6	12.4	20.6	5.7	72	94	28	0
03/03/2022	2022	62	793	2.197	4.67	253	9.8	10.9	14.4	7.4	81	93	58	0
03/04/2022	2022	63	794	4.509	7.07	219	17.87	10.9	16.6	5.1	72	93	43	0.25
03/05/2022	2022	64	795	3.619	2.71	242	8.46	5.9	12.8	-0.6	70	90	40	0
03/06/2022	2022	65	796	5.094	3.34	248	8.82	7.3	16.8	-0.4	67	92	31	0
03/07/2022	2022	66	797	5.128	6.45	322	17.38	11.3	18.9	2.7	39	78	19	0
03/08/2022	2022	67	798	5.226	2.76	182	7.22	10.5	20.2	1.9	54	77	30	0
03/09/2022	2022	68	799	5.198	3.91	211	9.6	11.7	19.9	3.6	63	90	28	0
03/10/2022	2022	69	800	5.199	8.73	323	18	12.6	18	5.6	29	84	13	0
03/11/2022	2022	70	801	5.531	3.19	266	8	11.1	21.1	-0.2	36	67	12	0
03/12/2022	2022	71	802	5.418	5.59	211	14.14	10.7	19	0.1	54	79	17	0
03/13/2022	2022	72	803	4.919	4.69	206	10.49	12.1	17.4	6.7	66	89	32	0
03/14/2022	2022	73	804	5.282	3.34	212	7.94	12.3	20.5	2.8	59	92	26	0
03/15/2022	2022	74	805	4.529	5.41	214	10.26	14.3	19.6	9.7	79	93	58	2.03
03/16/2022	2022	75	806	5.293	4.57	232	9.31	13.3	21.3	6.7	63	89	35	0
03/17/2022	2022	76	807	4.877	6.94	215	14.14	12.7	19.3	8.7	66	87	38	0
03/18/2022	2022	77	808	5.416	3.71	226	8.89	12.7	21.8	3.5	66	93	32	0
03/19/2022	2022	78	809	2.668	6.45	220	13	11.2	14.5	5.4	74	90	57	0.25
03/20/2022	2022	79	810	4.898	6.81	292	16.07	13.1	21	7.4	45	81	13	0
03/21/2022	2022	80	811	4.787	6.31	269	15.68	17.2	25.9	6.6	48	80	23	0
03/22/2022	2022	81	812	4.916	6.63	344	15.48	20.9	28.6	15.3	44	65	28	0
03/23/2022	2022	82	813	4.899	4.77	211	10.29	16	24.3	9.3	65	88	42	0
03/24/2022	2022	83	814	4.963	4.77	223	11.37	15	25.4	7	68	92	28	0
03/25/2022	2022	84	815	5.254	7.04	212	14.73	13.4	22.6	6.8	69	92	34	0
03/26/2022	2022	85	816	5.179	6.53	218	13	14.8	23	7.4	64	88	41	0
03/27/2022	2022	86	817	3.455	6.11	226	13.85	13	17.1	9.6	73	90	52	8.64
03/28/2022	2022	87	818	3.141	3.41	142	12.9	12	16.6	7.4	80	93	50	1.52
03/29/2022	2022	88	819	5.52	6.5	220	13.13	12.5	19.3	7.7	79	94	56	0.25
03/30/2022	2022	89	820	3.542	5.66	222	12.45	11.7	16.6	8.3	76	90	56	0
03/31/2022	2022	90	821	5.627	4.27	226	8.72	13	20.8	5.9	68	93	38	0
04/01/2022	2022	91	822	6.119	4.86	236	10.39	15.1	23.6	8	59	88	26	0
04/02/2022	2022	92	823	5.928	5.74	277	13.75	15.5	24.8	8.3	57	88	17	0
04/03/2022	2022	93	824	6.264	6.08	217	14.63	15.5	25	6.2	53	90	21	0
04/04/2022	2022	94	825	5.307	8.03	219	14.57	14.6	21.9	9.4	57	78	36	0
04/05/2022	2022	95	826	6.331	5.14	286	15.71	14.1	22.2	7.2	49	86	15	0
04/06/2022	2022	96	827	6.41	4.16	287	13.82	16.6	28.4	4.9	46	87	14	0
04/07/2022	2022	97	828	6.151	2.4	25	5.98	18.1	29.6	6.9	56	86	22	0
04/08/2022	2022	98	829	6.312	4.52	220	11.11	19.7	30.3	11.1	51	83	23	0
04/09/2022	2022	99	830	6.754	8.12	301	20.51	16.8	23.6	7.7	32	78	11	0
04/10/2022	2022	100	831	6.234	9.41	284	19.86	15.2	22.5	8.9	31	67	16	0
04/11/2022	2022	101	832	5.339	7.65	245	16.82	11.1	16.3	2.1	51	92	22	0.25
04/12/2022	2022	102	833	5.869	4.56	232	14.5	8	16.2	-1.3	51	82	22	0
04/13/2022	2022	103	834	4.966	5.34	215	12.28	10.2	15.6	3.6	55	80	35	0
04/14/2022	2022	104	835	2.52	5.8	182	13.13	11.9	15.5	10	80	92	59	1.02
04/15/2022	2022	105	836	6.337	5.38	210	12.35	12.6	19.4	6	57	89	21	0
04/16/2022	2022	106	837	5.022	5.8	194	11.99	13.6	19.8	6	67	90	43	4.57
04/17/2022	2022	107	838	6.706	6.61	216	12.84	11.4	20	5.3	58	89	21	0
04/18/2022	2022	108	839	6.165	6.24	216	13.65	13	20.8	5.6	63	84	33	0
04/19/2022	2022	109	840	5.346	5.25	223	10.32	13.5	19	8.2	66	92	35	1.52
04/20/2022	2022	110	841	6.212	5.87	200	13.3	13.7	20.8	6	64	92	31	0.51
04/21/2022	2022	111	842	4.835	5.03	211	12.61	12.6	18.2	7.5	71	91	39	11.43
04/22/2022	2022	112	843	4.681	3.75	216	10.94	11.9	18.7	5.6	68	92	38	0.25
04/23/2022	2022	113	844	6.796	4.52	246	10.91	14.7	23.5	5.9	57	90	18	0
04/24/2022	2022	114	845	6.763	4.47	222	9.96	16.5	26	7.3	54	88	20	0
04/25/2022	2022	115	846	6.673	5.95	210	11.6	16.5	25.1	9.6	54	83	22	0
04/26/2022	2022	116	847	6.641	8.66	215	14.54	15.6	22.1	10.5	52	73	33	0
04/27/2022	2022	117	848	6.672	8.02	216	14.47	14.1	21.5	8.2	50	74	26	0
04/28/2022	2022	118	849	6.698	7.3	215	14.44	13.1	20.1	7.2	54	76	29	0
04/29/2022	2022	119	850	6.694	4.91	243	10.19	15.8	24.9	5.3	46	84	17	0
04/30/2022	2022	120	851	6.606	8.23	216	16.89	16.4	24.6	10.3	54	74	34	0
05/01/2022	2022	121	852	7.124	6.87	262	14.83	16.3	26.8	6.6	46	87	10	0
05/02/2022	2022	122	853	6.503	8.22	229	15.29	15.2	20.9	9.6	50	75	28	0
05/03/2022	2022	123	854	7.379	7.66	315	17.05	18.3	26.4	12.6	29	65	16	0
05/04/2022	2022	124	855	7.33	4.57	222	10.88	19.6	30.4	9.4	47	83	17	0
05/05/2022	2022	125	856	5.225	8.43	223	16.2	15.1	21.6	9.8	62	85	27	0
05/06/2022	2022	126	857	5.77	7.31	221	14.47	16.4	22.5	11.7	70	91	48	0
05/07/2022	2022	127	858	7.214	6.58	224	13.69	15.1	22.5	9.9	57	88	31	0
05/08/2022	2022	128	859	6.749	7.29	231	17.64	11.6	17.5	5.9	48	71	25	0
05/09/2022	2022	129	860	7.005	6.99	223	17.48	10.9	16.9	5.6	50	76	22	0
05/10/2022	2022	130	861	4.192	3.98	245	13.43	8.4	15	2.7	62	84	36	0.76
05/11/2022	2022	131	862	7.228	4.6	230	13.46	11.7	20.9	1.2	56	90	23	0
05/12/2022	2022	132	863	6.903	7.76	213	13.16	13.5	20.8	6.4	51	73	24	0
05/13/2022	2022	133	864	7.304	4.59	220	11.37	17.9	26.9	9.7	54	77	28	0
05/14/2022	2022	134	865	7.436	4.48	234	8.72	21.1	31.5	12.4	52	87	20	0
05/15/2022	2022	135	866	7.067	9.1	214	16.1	19.2	27.2	13.2	56	82	37	0
05/16/2022	2022	136	867	6.897	9.58	215	14.34	17.1	25.2	11.3	58	84	34	0
05/17/2022	2022	137	868	7.298	7.1	219	13.88	19	29.5	10.5	52	81	26	0
05/18/2022	2022	138	869	7.364	5.44	218	11.4	23.2	34.6	12.4	42	72	15	0
05/19/2022	2022	139	870	7.332	4.79	212	15.03	23.3	30.6	16	37	69	12	0
05/20/2022	2022	140	871	7.366	10.32	312	21.92	19.7	26.5	13.8	17	42	8	0
05/21/2022	2022	141	872	7.789	4.7	236	11.73	20.2	29.7	10.4	34	73	9	0
05/22/2022	2022	142	873	7.553	6.01	242	12.22	20.9	31	11.2	39	75	13	0
05/23/2022	2022	143	874	7.618	6.32	226	14.47	22.8	32.3	14.1	37	62	11	0
05/24/2022	2022	144	875	7.72	5.25	261	13.26	25.5	35.7	14.2	32	72	5	0
05/25/2022	2022	145	876	7.633	5.62	250	13.52	26.3	37	15.4	33	59	14	0
05/26/2022	2022	146	877	6.173	13.01	224	20.02	16	21.2	11.7	64	80	45	0
05/27/2022	2022	147	878	6.669	11.07	223	18.1	16.3	22.1	12.6	65	82	45	0
05/28/2022	2022	148	879	6.973	9.72	223	16.76	16.7	22.9	12.2	63	86	36	0
05/29/2022	2022	149	880	7.722	5.68	237	13.82	17.8	25.8	8.7	48	89	9	0
05/30/2022	2022	150	881	7.875	6.2	227	13.65	18.3	26.2	10.6	40	68	13	0
05/31/2022	2022	151	882	7.91	6.57	266	16.2	20.5	30.1	9.4	34	77	8	0
06/01/2022	2022	152	883	7.807	5.42	214	12.02	22.2	32.9	11.2	37	73	9	0
06/02/2022	2022	153	884	6.646	9.44	217	15.58	20.3	28.2	14.7	43	70	22	0
06/03/2022	2022	154	885	6.163	9.38	221	16.07	18.7	24.5	13.8	59	77	44	0
06/04/2022	2022	155	886	3.871	6.33	222	11.01	18.4	23.1	13.9	49	74	24	0
06/05/2022	2022	156	887	4.463	4.53	200	10.65	19.4	25.5	15.3	72	89	48	0.25
06/06/2022	2022	157	888	7.823	5.36	219	10.06	20.7	29.1	12.6	53	85	26	0
06/07/2022	2022	158	889	7.485	7.3	219	15.48	21.5	31.6	13.5	44	79	20	0
06/08/2022	2022	159	890	6.735	9.32	215	14.99	21.5	29.7	15.6	42	67	29	0
06/09/2022	2022	160	891	6.844	5.96	214	10.98	24.8	35.1	15	41	71	16	0
06/10/2022	2022	161	892	7.777	5.97	217	14.14	27.9	37.6	18.6	40	64	18	0
06/11/2022	2022	162	893	7.26	8.19	218	15.94	25.4	34.2	18.4	50	76	23	0
06/12/2022	2022	163	894	6.622	8.7	220	16.04	20.2	25.5	13.8	62	80	45	0
06/13/2022	2022	164	895	8.053	4.55	252	10.68	19.7	27.9	11.9	40	75	11	0
06/14/2022	2022	165	896	7.977	4.9	291	11.89	22.9	31.5	13.2	29	60	6	0
06/15/2022	2022	166	897	7.725	6.32	216	14.73	22.7	33	14.8	39	71	9	0
06/16/2022	2022	167	898	7.767	9.85	216	18.65	18.7	26.7	13	45	66	18	0
06/17/2022	2022	168	899	7.531	8.57	222	15.58	15.8	21	11.6	53	75	31	0
06/18/2022	2022	169	900	6.48	5.44	220	11.47	17	23.7	9.4	52	84	26	0
06/19/2022	2022	170	901	7.777	5.24	238	12.81	20.5	29	11.3	43	75	20	0
06/20/2022	2022	171	902	7.546	4.81	273	12.22	23.4	32.2	12.5	36	76	10	0
06/21/2022	2022	172	903	7.056	4.18	328	12.02	27.7	37.5	16.5	23	52	6	0
06/22/2022	2022	173	904	5.979	4.74	210	11.63	27.6	37.6	17.8	27	55	12	0
06/23/2022	2022	174	905	6.718	6.52	218	13.46	27	35.7	18.2	33	65	15	0
06/24/2022	2022	175	906	7.139	7.04	218	12.45	25	35.3	16.5	37	65	12	0
06/25/2022	2022	176	907	6.933	7.04	228	13.59	23.2	34.7	14.2	42	73	8	0
06/26/2022	2022	177	908	7.106	7.34	218	12.81	22.6	34.7	12.6	47	81	10	0
06/27/2022	2022	178	909	4.79	8.55	214	13.23	22.6	35.9	12.8	49	84	16	0
06/28/2022	2022	179	910	6.696	8.58	221	14.83	22.5	32.8	14.4	43	73	16	0
06/29/2022	2022	180	911	6.883	9.36	219	16.59	19.3	29.5	12.3	55	83	24	0
06/30/2022	2022	181	912	4.142	9.91	222	16.33	17.7	26.6	11.6	60	86	33	0
07/01/2022	2022	182	913	7.078	9.43	221	15.42	17.8	27.7	11.3	60	87	28	0
